kenteken_land,voertuig_soort,merk,inrichting,datum_eerste_toelating,datum_tenaamstelling,toegestane_maximum_massa_voertuig,europese_voertuigcategorie,europese_voertuigcategorie_toevoeging,taxi_indicator,maximale_constructie_snelheid_bromsnorfiets,brandstoffen,extra_data,diesel,gasoline,electric,versit_klasse,count
NL,fa0e8ff5963262767b68d36aeb91ce09,,fa0e8ff5963262767b68d36aeb91ce09,2013-01-01,,1500,M,,FALSE,,"[{""volgnr"": 1, ""brandstof"": ""Benzine""}, {""volgnr"": 2, ""brandstof"": ""Elektriciteit""}]",,,,,c39eb698333f40e96c77c8227a256ccd,1
EN,,,,,,,M,,FALSE,,,,,,,,1
NL,a29ff6330fd63f49aebac7238b9dd8fd,,32a007c3cea025fd86785ac61678bf86,2015-01-01,,1500,N,,FALSE,,"[{""volgnr"": 1, ""brandstof"": ""Diesel""}]",,,,,4ce24b6368a29d34a39c495caadc6052,1
NL,250e8291dda446bb0d7c4e1236f9634d,,b88add571a5d3e2abe129a6d5a49e67b,2019-01-01,,1500,L,,FALSE,,"[{""volgnr"": 1, ""brandstof"": ""Benzine""}]",,,,,f2103a92ca10ac5e02288d2f7ec1baed,1
NL,a29ff6330fd63f49aebac7238b9dd8fd,,32a007c3cea025fd86785ac61678bf86,2016-01-01,,1500,N,,FALSE,,"[{""volgnr"": 1, ""brandstof"": ""Diesel""}]",,,,,3805f36c149f9f4c61348eb35ebac135,1
NL,a29ff6330fd63f49aebac7238b9dd8fd,,32a007c3cea025fd86785ac61678bf86,2006-01-01,,1500,N,,FALSE,,"[{""volgnr"": 1, ""brandstof"": ""Diesel""}]",,,,,b6ab9f5ef3e4246a9ff1a8eef4f8f4d2,1
NL,a29ff6330fd63f49aebac7238b9dd8fd,,32a007c3cea025fd86785ac61678bf86,2017-01-01,,1500,N,,FALSE,,"[{""volgnr"": 1, ""brandstof"": ""Diesel""}]",,,,,df214c6d7573c6613c0b1efff307e902,1
NL,fa0e8ff5963262767b68d36aeb91ce09,,fa0e8ff5963262767b68d36aeb91ce09,1979-01-01,,1500,M,,FALSE,,"[{""volgnr"": 1, ""brandstof"": ""Benzine""}]",,,,,480ae2928a6a9e031cdd665364960e19,1
NL,fa0e8ff5963262767b68d36aeb91ce09,,fa0e8ff5963262767b68d36aeb91ce09,2018-01-01,,1500,M,,FALSE,,"[{""volgnr"": 1, ""brandstof"": ""Elektriciteit""}, {""volgnr"": 2, ""brandstof"": ""Benzine""}]",,,,,313080aa46414e2bd9573e0c095b3be4,1
NL,fa0e8ff5963262767b68d36aeb91ce09,,fa0e8ff5963262767b68d36aeb91ce09,2002-01-01,,1500,M,,FALSE,,"[{""volgnr"": 1, ""brandstof"": ""Benzine""}, {""volgnr"": 2, ""brandstof"": ""LPG""}]",,,,,f5535a5caee41673c00a0a56a4cd4d93,1
NL,a29ff6330fd63f49aebac7238b9dd8fd,,67593af54bdb18344f997fad179417af,2016-01-01,,1500,N,,FALSE,,"[{""volgnr"": 1, ""brandstof"": ""Diesel""}]",,,,,67b3aa294e114969bfc2ed854e3717d4,1
NL,a29ff6330fd63f49aebac7238b9dd8fd,90689d934083b5940f0f1179d2098eeb,a8024055ff1b55b2ce337ebb4b8b5465,2020-01-01,,19000,T,,FALSE,,"[{""volgnr"": 1, ""brandstof"": ""Diesel""}]",,,,,89a6a5383a1ccadcde08079d666c2883,1
NL,fa0e8ff5963262767b68d36aeb91ce09,,fa0e8ff5963262767b68d36aeb91ce09,2020-01-01,,1500,M,,FALSE,,"[{""volgnr"": 1, ""brandstof"": ""Diesel""}, {""volgnr"": 2, ""brandstof"": ""Elektriciteit""}]",,,,,a020887472706a195f6675ce528d9965,1
NL,250e8291dda446bb0d7c4e1236f9634d,e6591ee466b87c2168e49b44135d1716,b88add571a5d3e2abe129a6d5a49e67b,2021-01-01,,,L,1,FALSE,,"[{""volgnr"": 1, ""brandstof"": ""Benzine""}]",,,,,80909b220f61fe50e8a0f9dae027143b,1
NL,a29ff6330fd63f49aebac7238b9dd8fd,cbba98f80402e7875d67378c74fc0272,a8024055ff1b55b2ce337ebb4b8b5465,2014-01-01,,20500,T,,FALSE,,"[{""volgnr"": 1, ""brandstof"": ""Diesel""}]",,,,,df8ecc6a986c04e71db846aaab8261f9,1
NL,fa0e8ff5963262767b68d36aeb91ce09,,fa0e8ff5963262767b68d36aeb91ce09,2020-01-01,,1500,M,,FALSE,,"[{""volgnr"": 1, ""brandstof"": ""Benzine""}, {""volgnr"": 2, ""brandstof"": ""Elektriciteit""}]",,,,,afd601b819c5c9220ce26224b45d196b,1
NL,fa0e8ff5963262767b68d36aeb91ce09,,fa0e8ff5963262767b68d36aeb91ce09,2018-01-01,,1500,M,,TRUE,,"[{""volgnr"": 1, ""brandstof"": ""Benzine""}, {""volgnr"": 2, ""brandstof"": ""Elektriciteit""}]",,,,,afd601b819c5c9220ce26224b45d196b,1
NL,fa0e8ff5963262767b68d36aeb91ce09,,fa0e8ff5963262767b68d36aeb91ce09,2014-01-01,,1500,M,,TRUE,,"[{""volgnr"": 1, ""brandstof"": ""Diesel""}]",,,,,a632bf65e65534b38b13935f2192cff5,1
NL,b920429cc3267eae82f7c4fec430abf8,344359f34a7ecd2bd4a3d0cbb7aa697c,4d0a6feb5d057b41f2e0dacf763834fa,1997-01-01,,,C,1,FALSE,,"[{""volgnr"": 1, ""brandstof"": ""Benzine""}]",,,,,37c02a5103231e120cfc6ead64543fb3,1
NL,a29ff6330fd63f49aebac7238b9dd8fd,1d78a896187fde2d9238a25c5bfd81e7,67593af54bdb18344f997fad179417af,2018-01-01,,26500,T,,FALSE,,"[{""volgnr"": 1, ""brandstof"": ""Diesel""}]",,,,,3bf221a61a0cc385e08b723e5509d3ef,1
NL,fa0e8ff5963262767b68d36aeb91ce09,,fa0e8ff5963262767b68d36aeb91ce09,2009-01-01,,1500,M,,TRUE,,"[{""volgnr"": 1, ""brandstof"": ""Benzine""}, {""volgnr"": 2, ""brandstof"": ""Elektriciteit""}]",,,,,2cfe9b188b4005230cfbedfb17292d2b,1
NL,fa0e8ff5963262767b68d36aeb91ce09,,fa0e8ff5963262767b68d36aeb91ce09,2016-01-01,,1500,M,,FALSE,,"[{""volgnr"": 1, ""brandstof"": ""Elektriciteit""}, {""volgnr"": 2, ""brandstof"": ""Benzine""}]",,,,,313080aa46414e2bd9573e0c095b3be4,1
NL,fa0e8ff5963262767b68d36aeb91ce09,,fa0e8ff5963262767b68d36aeb91ce09,2019-01-01,,1500,M,,FALSE,,"[{""volgnr"": 1, ""brandstof"": ""Benzine""}, {""volgnr"": 2, ""brandstof"": ""LPG""}]",,,,,01adbc02bad1331bda7ed09922d02a4a,1
NL,fa0e8ff5963262767b68d36aeb91ce09,,fa0e8ff5963262767b68d36aeb91ce09,2008-01-01,,1500,M,,FALSE,,"[{""volgnr"": 1, ""brandstof"": ""Benzine""}, {""volgnr"": 2, ""brandstof"": ""LPG""}]",,,,,94a7b382443a538f48e58e0fc6d3f277,1
NL,fa0e8ff5963262767b68d36aeb91ce09,,fa0e8ff5963262767b68d36aeb91ce09,2011-01-01,,1500,M,,FALSE,,"[{""volgnr"": 1, ""brandstof"": ""Benzine""}, {""volgnr"": 2, ""brandstof"": ""Elektriciteit""}]",,,,,2cfe9b188b4005230cfbedfb17292d2b,1
NL,,,,,,,M,,FALSE,,,,,,,,1
NL,6e4b38bfd57741ac1597c440a1c98074,996e8ce50025e8b1e8fa95fcb28c4e5a,d20f83ee6933aa1ea047fe5cbd9c1fd5,2020-01-01,,28745,R,,FALSE,,"[{""volgnr"": 1, ""brandstof"": ""Elektriciteit""}]",,,,,b18cbe19e935a835b34542b700ac132d,1
NL,a29ff6330fd63f49aebac7238b9dd8fd,,9bb6bb8697da8dcb9b0d8eb3cdcf8e48,2020-01-01,,1500,N,,FALSE,,"[{""volgnr"": 1, ""brandstof"": ""Diesel""}]",,,,,958f46b0e5076a1c19396d8ed4803784,1
NL,a29ff6330fd63f49aebac7238b9dd8fd,,32a007c3cea025fd86785ac61678bf86,2007-01-01,,1500,N,,FALSE,,"[{""volgnr"": 1, ""brandstof"": ""Diesel""}]",,,,,903bfc88cb7242c3a6dfa247a3b53e48,1
NL,a29ff6330fd63f49aebac7238b9dd8fd,,32a007c3cea025fd86785ac61678bf86,2013-01-01,,1500,N,,FALSE,,"[{""volgnr"": 1, ""brandstof"": ""Benzine""}]",,,,,5a0562b2bbac60fc4fe9a4cbfbc6d8fa,1
NL,fa0e8ff5963262767b68d36aeb91ce09,,fa0e8ff5963262767b68d36aeb91ce09,2017-01-01,,1500,M,,TRUE,,"[{""volgnr"": 1, ""brandstof"": ""CNG""}]",,,,,75bed2d13408dd033c016339ee52d584,1
NL,b920429cc3267eae82f7c4fec430abf8,,4d0a6feb5d057b41f2e0dacf763834fa,2020-01-01,,1500,C,,FALSE,,"[{""volgnr"": 1, ""brandstof"": ""Benzine""}]",,,,,51edc98493509b7da428ef492f91c961,1
NL,a29ff6330fd63f49aebac7238b9dd8fd,,32a007c3cea025fd86785ac61678bf86,2008-01-01,,1500,N,,FALSE,,"[{""volgnr"": 1, ""brandstof"": ""Diesel""}]",,,,,b6ab9f5ef3e4246a9ff1a8eef4f8f4d2,1
NL,fa0e8ff5963262767b68d36aeb91ce09,,fa0e8ff5963262767b68d36aeb91ce09,2009-01-01,,1500,M,,FALSE,,"[{""volgnr"": 1, ""brandstof"": ""Benzine""}, {""volgnr"": 2, ""brandstof"": ""Elektriciteit""}]",,,,,2cfe9b188b4005230cfbedfb17292d2b,1
NL,fa0e8ff5963262767b68d36aeb91ce09,,fa0e8ff5963262767b68d36aeb91ce09,2011-01-01,,1500,M,,FALSE,,"[{""volgnr"": 1, ""brandstof"": ""Benzine""}]",,,,,,1
NL,a29ff6330fd63f49aebac7238b9dd8fd,,32a007c3cea025fd86785ac61678bf86,2020-01-01,,1500,N,,FALSE,,"[{""volgnr"": 1, ""brandstof"": ""Diesel""}]",,,,,958f46b0e5076a1c19396d8ed4803784,1
NL,a29ff6330fd63f49aebac7238b9dd8fd,,ed08678800235deb8acc718f04ae9030,2018-01-01,,1500,N,,FALSE,,"[{""volgnr"": 1, ""brandstof"": ""Elektriciteit""}]",,,,,db6afb025be0642453da999116a854ca,1
NL,fa0e8ff5963262767b68d36aeb91ce09,,fa0e8ff5963262767b68d36aeb91ce09,2018-01-01,,1500,M,,FALSE,,"[{""volgnr"": 1, ""brandstof"": ""Elektriciteit""}, {""volgnr"": 2, ""brandstof"": ""Benzine""}]",,,,,afd601b819c5c9220ce26224b45d196b,1
NL,a29ff6330fd63f49aebac7238b9dd8fd,90689d934083b5940f0f1179d2098eeb,32a007c3cea025fd86785ac61678bf86,2016-01-01,,19000,T,,FALSE,,"[{""volgnr"": 1, ""brandstof"": ""Diesel""}]",,,,,89a6a5383a1ccadcde08079d666c2883,1
NL,fa0e8ff5963262767b68d36aeb91ce09,,fa0e8ff5963262767b68d36aeb91ce09,2011-01-01,,1500,M,,FALSE,,"[{""volgnr"": 1, ""brandstof"": ""Diesel""}]",,,,,a632bf65e65534b38b13935f2192cff5,1
NL,250e8291dda446bb0d7c4e1236f9634d,,b88add571a5d3e2abe129a6d5a49e67b,2016-01-01,,1500,L,,FALSE,,"[{""volgnr"": 1, ""brandstof"": ""Benzine""}]",,,,,f3883caa68d76cf8442b4d81366c1e5f,1
NL,fa0e8ff5963262767b68d36aeb91ce09,,fa0e8ff5963262767b68d36aeb91ce09,2020-01-01,,1500,M,,FALSE,,"[{""volgnr"": 1, ""brandstof"": ""Elektriciteit""}, {""volgnr"": 2, ""brandstof"": ""Diesel""}]",,,,,a020887472706a195f6675ce528d9965,1
NL,250e8291dda446bb0d7c4e1236f9634d,,b88add571a5d3e2abe129a6d5a49e67b,2019-01-01,,1500,S,,FALSE,,"[{""volgnr"": 1, ""brandstof"": ""Elektriciteit""}]",,,,,a6162aaeefcd14727a76e1e58455799d,1
NL,a29ff6330fd63f49aebac7238b9dd8fd,,32a007c3cea025fd86785ac61678bf86,2015-01-01,,1500,N,,FALSE,,"[{""volgnr"": 1, ""brandstof"": ""Diesel""}]",,,,,3805f36c149f9f4c61348eb35ebac135,1
NL,a29ff6330fd63f49aebac7238b9dd8fd,,32a007c3cea025fd86785ac61678bf86,2019-01-01,,1500,N,,FALSE,,"[{""volgnr"": 1, ""brandstof"": ""Elektriciteit""}]",,,,,db6afb025be0642453da999116a854ca,1
NL,a29ff6330fd63f49aebac7238b9dd8fd,,32a007c3cea025fd86785ac61678bf86,2007-01-01,,1500,N,,FALSE,,"[{""volgnr"": 1, ""brandstof"": ""Diesel""}]",,,,,b99684f7141b5c8f637bd68ddb246715,1
NL,fa0e8ff5963262767b68d36aeb91ce09,,fa0e8ff5963262767b68d36aeb91ce09,2008-01-01,,1500,M,,FALSE,,"[{""volgnr"": 1, ""brandstof"": ""Diesel""}]",,,,,95065b709f21e3176fc177771083cd5e,1
NL,fa0e8ff5963262767b68d36aeb91ce09,,fa0e8ff5963262767b68d36aeb91ce09,2013-01-01,,1500,M,,FALSE,,"[{""volgnr"": 1, ""brandstof"": ""Elektriciteit""}]",,,,,bacb7c69ab711bc059789c1d5dc3e282,1
NL,250e8291dda446bb0d7c4e1236f9634d,e6591ee466b87c2168e49b44135d1716,b88add571a5d3e2abe129a6d5a49e67b,2017-01-01,,,L,,FALSE,,"[{""volgnr"": 1, ""brandstof"": ""Benzine""}]",,,,,f3883caa68d76cf8442b4d81366c1e5f,1
NL,fa0e8ff5963262767b68d36aeb91ce09,,fa0e8ff5963262767b68d36aeb91ce09,2015-01-01,,1500,M,,TRUE,,"[{""volgnr"": 1, ""brandstof"": ""Elektriciteit""}, {""volgnr"": 2, ""brandstof"": ""Benzine""}]",,,,,313080aa46414e2bd9573e0c095b3be4,1
NL,a29ff6330fd63f49aebac7238b9dd8fd,,32a007c3cea025fd86785ac61678bf86,2005-01-01,,1500,N,,FALSE,,"[{""volgnr"": 1, ""brandstof"": ""Diesel""}]",,,,,903bfc88cb7242c3a6dfa247a3b53e48,1
NL,fa0e8ff5963262767b68d36aeb91ce09,90689d934083b5940f0f1179d2098eeb,fa0e8ff5963262767b68d36aeb91ce09,2019-01-01,,4100,M,,FALSE,,"[{""volgnr"": 1, ""brandstof"": ""Diesel""}]",,,,,ab5cabba031ad4dea7bcb7d4642fe825,1
NL,fa0e8ff5963262767b68d36aeb91ce09,,fa0e8ff5963262767b68d36aeb91ce09,2015-01-01,,1500,M,,FALSE,,"[{""volgnr"": 1, ""brandstof"": ""Elektriciteit""}, {""volgnr"": 2, ""brandstof"": ""Benzine""}]",,,,,afd601b819c5c9220ce26224b45d196b,1
NL,fa0e8ff5963262767b68d36aeb91ce09,,fa0e8ff5963262767b68d36aeb91ce09,2015-01-01,,1500,M,,FALSE,,"[{""volgnr"": 1, ""brandstof"": ""Benzine""}]",,,,,2cfe9b188b4005230cfbedfb17292d2b,1
NL,fa0e8ff5963262767b68d36aeb91ce09,,fa0e8ff5963262767b68d36aeb91ce09,2018-01-01,,1500,M,,TRUE,,"[{""volgnr"": 1, ""brandstof"": ""Elektriciteit""}, {""volgnr"": 2, ""brandstof"": ""Benzine""}]",,,,,313080aa46414e2bd9573e0c095b3be4,1
NL,fa0e8ff5963262767b68d36aeb91ce09,,fa0e8ff5963262767b68d36aeb91ce09,2009-01-01,,1500,M,,FALSE,,"[{""volgnr"": 1, ""brandstof"": ""Benzine""}]",,,,,2cfe9b188b4005230cfbedfb17292d2b,1
NL,fa0e8ff5963262767b68d36aeb91ce09,,fa0e8ff5963262767b68d36aeb91ce09,2015-01-01,,1500,M,,FALSE,,"[{""volgnr"": 1, ""brandstof"": ""Elektriciteit""}]",,,,,bacb7c69ab711bc059789c1d5dc3e282,1
NL,a29ff6330fd63f49aebac7238b9dd8fd,,32a007c3cea025fd86785ac61678bf86,2010-01-01,,1500,N,,FALSE,,"[{""volgnr"": 1, ""brandstof"": ""Diesel""}]",,,,,903bfc88cb7242c3a6dfa247a3b53e48,1
NL,250e8291dda446bb0d7c4e1236f9634d,5d886360a47320875d00c2f2ed0f9db9,b88add571a5d3e2abe129a6d5a49e67b,2018-01-01,,,L,1,FALSE,,"[{""volgnr"": 1, ""brandstof"": ""Benzine""}]",,,,,f3883caa68d76cf8442b4d81366c1e5f,1
NL,fa0e8ff5963262767b68d36aeb91ce09,,fa0e8ff5963262767b68d36aeb91ce09,2017-01-01,,1500,M,,FALSE,,"[{""volgnr"": 1, ""brandstof"": ""Elektriciteit""}]",,,,,bacb7c69ab711bc059789c1d5dc3e282,1
NL,a29ff6330fd63f49aebac7238b9dd8fd,9bd0e027d7e82b5a7b84bfc62033330e,a1b8a26b20325e6292794331abb32f43,2017-01-01,,11990,L,,FALSE,,"[{""volgnr"": 1, ""brandstof"": ""Diesel""}]",,,,,89a6a5383a1ccadcde08079d666c2883,1
NL,a29ff6330fd63f49aebac7238b9dd8fd,,32a007c3cea025fd86785ac61678bf86,2015-01-01,,1500,N,,FALSE,,"[{""volgnr"": 1, ""brandstof"": ""Diesel""}]",,,,,df214c6d7573c6613c0b1efff307e902,1
NL,fa0e8ff5963262767b68d36aeb91ce09,,fa0e8ff5963262767b68d36aeb91ce09,1998-01-01,,1500,M,,FALSE,,"[{""volgnr"": 1, ""brandstof"": ""Benzine""}, {""volgnr"": 2, ""brandstof"": ""LPG""}]",,,,,aff2fd0046dc871a56c24c2e82cc72a9,1
NL,250e8291dda446bb0d7c4e1236f9634d,,b88add571a5d3e2abe129a6d5a49e67b,2013-01-01,,1500,L,,FALSE,,"[{""volgnr"": 1, ""brandstof"": ""Benzine""}]",,,,,f3883caa68d76cf8442b4d81366c1e5f,1
NL,fa0e8ff5963262767b68d36aeb91ce09,,fa0e8ff5963262767b68d36aeb91ce09,2019-01-01,,1500,M,,FALSE,,"[{""volgnr"": 1, ""brandstof"": ""Benzine""}, {""volgnr"": 2, ""brandstof"": ""Elektriciteit""}]",,,,,313080aa46414e2bd9573e0c095b3be4,1
NL,fa0e8ff5963262767b68d36aeb91ce09,,fa0e8ff5963262767b68d36aeb91ce09,2018-01-01,,1500,M,,TRUE,,"[{""volgnr"": 1, ""brandstof"": ""Benzine""}, {""volgnr"": 2, ""brandstof"": ""Elektriciteit""}]",,,,,313080aa46414e2bd9573e0c095b3be4,1
NL,a29ff6330fd63f49aebac7238b9dd8fd,,32a007c3cea025fd86785ac61678bf86,2009-01-01,,1500,N,,FALSE,,"[{""volgnr"": 1, ""brandstof"": ""Diesel""}]",,,,,b99684f7141b5c8f637bd68ddb246715,1
NL,a29ff6330fd63f49aebac7238b9dd8fd,,32a007c3cea025fd86785ac61678bf86,2013-01-01,,1500,N,,FALSE,,"[{""volgnr"": 1, ""brandstof"": ""Diesel""}]",,,,,5dd2bc55bdc83df93e3292213fe1e883,1
NL,fa0e8ff5963262767b68d36aeb91ce09,,fa0e8ff5963262767b68d36aeb91ce09,2014-01-01,,1500,M,,FALSE,,"[{""volgnr"": 1, ""brandstof"": ""Diesel""}]",,,,,a632bf65e65534b38b13935f2192cff5,1
NL,a29ff6330fd63f49aebac7238b9dd8fd,,a8024055ff1b55b2ce337ebb4b8b5465,2021-01-01,,1500,N,,FALSE,,"[{""volgnr"": 1, ""brandstof"": ""Diesel""}]",,,,,958f46b0e5076a1c19396d8ed4803784,1
NL,a29ff6330fd63f49aebac7238b9dd8fd,5563bbe566e6cb8daeab62c1111c0793,67593af54bdb18344f997fad179417af,2012-01-01,,19000,T,,FALSE,,"[{""volgnr"": 1, ""brandstof"": ""Diesel""}]",,,,,91d7cc60dafd570b479bca4dfaee6673,1
NL,fa0e8ff5963262767b68d36aeb91ce09,,fa0e8ff5963262767b68d36aeb91ce09,2000-01-01,,1500,M,,FALSE,,"[{""volgnr"": 1, ""brandstof"": ""Benzine""}]",,,,,9796b84e3ccacab0a72d778de2a674ba,1
NL,fa0e8ff5963262767b68d36aeb91ce09,,fa0e8ff5963262767b68d36aeb91ce09,2013-01-01,,1500,M,,FALSE,,"[{""volgnr"": 1, ""brandstof"": ""Benzine""}, {""volgnr"": 2, ""brandstof"": ""Elektriciteit""}]",,,,,2cfe9b188b4005230cfbedfb17292d2b,1
NL,fa0e8ff5963262767b68d36aeb91ce09,,fa0e8ff5963262767b68d36aeb91ce09,2006-01-01,,1500,M,,FALSE,,"[{""volgnr"": 1, ""brandstof"": ""Diesel""}]",,,,,2422790b3bdfed30325de3c3e532e35e,1
NL,a29ff6330fd63f49aebac7238b9dd8fd,,32a007c3cea025fd86785ac61678bf86,2021-01-01,,1500,N,,FALSE,,"[{""volgnr"": 1, ""brandstof"": ""Diesel""}]",,,,,,1
NL,fa0e8ff5963262767b68d36aeb91ce09,,fa0e8ff5963262767b68d36aeb91ce09,2000-01-01,,1500,M,,FALSE,,"[{""volgnr"": 1, ""brandstof"": ""Benzine""}]",,,,,32e487204e64645f44be2467bc9cc636,1
NL,a29ff6330fd63f49aebac7238b9dd8fd,cbba98f80402e7875d67378c74fc0272,a8024055ff1b55b2ce337ebb4b8b5465,2014-01-01,,28000,T,,FALSE,,"[{""volgnr"": 1, ""brandstof"": ""Diesel""}]",,,,,df8ecc6a986c04e71db846aaab8261f9,1
NL,fa0e8ff5963262767b68d36aeb91ce09,,fa0e8ff5963262767b68d36aeb91ce09,2006-01-01,,1500,M,,FALSE,,"[{""volgnr"": 1, ""brandstof"": ""Benzine""}]",,,,,32e487204e64645f44be2467bc9cc636,1
NL,fa0e8ff5963262767b68d36aeb91ce09,,fa0e8ff5963262767b68d36aeb91ce09,2014-01-01,,1500,M,,TRUE,,"[{""volgnr"": 1, ""brandstof"": ""Diesel""}]",,,,,ab5cabba031ad4dea7bcb7d4642fe825,1
NL,a29ff6330fd63f49aebac7238b9dd8fd,,32a007c3cea025fd86785ac61678bf86,2016-01-01,,1500,N,,FALSE,,"[{""volgnr"": 1, ""brandstof"": ""Benzine""}]",,,,,9e64d207edd15660a03f1abb9cae18e9,1
NL,fa0e8ff5963262767b68d36aeb91ce09,,fa0e8ff5963262767b68d36aeb91ce09,2015-01-01,,1500,M,,TRUE,,"[{""volgnr"": 1, ""brandstof"": ""Elektriciteit""}]",,,,,bacb7c69ab711bc059789c1d5dc3e282,1
NL,250e8291dda446bb0d7c4e1236f9634d,,b88add571a5d3e2abe129a6d5a49e67b,2020-01-01,,1500,L,,FALSE,,"[{""volgnr"": 1, ""brandstof"": ""Elektriciteit""}]",,,,,94ab5617fd940feca6ba5f5e9cf60888,1
NL,fa0e8ff5963262767b68d36aeb91ce09,,fa0e8ff5963262767b68d36aeb91ce09,2002-01-01,,1500,M,,FALSE,,"[{""volgnr"": 1, ""brandstof"": ""Benzine""}, {""volgnr"": 2, ""brandstof"": ""LPG""}]",,,,,94a7b382443a538f48e58e0fc6d3f277,1
NL,fa0e8ff5963262767b68d36aeb91ce09,,fa0e8ff5963262767b68d36aeb91ce09,2007-01-01,,1500,M,,FALSE,,"[{""volgnr"": 1, ""brandstof"": ""Diesel""}]",,,,,95065b709f21e3176fc177771083cd5e,1
NL,a29ff6330fd63f49aebac7238b9dd8fd,,32a007c3cea025fd86785ac61678bf86,2020-01-01,,1500,L,,FALSE,,"[{""volgnr"": 1, ""brandstof"": ""Diesel""}]",,,,,21e4f148bee57333015fdf0ceecfbb70,1
NL,fa0e8ff5963262767b68d36aeb91ce09,,fa0e8ff5963262767b68d36aeb91ce09,2013-01-01,,1500,M,,TRUE,,"[{""volgnr"": 1, ""brandstof"": ""CNG""}]",,,,,be80f90092176f7895b105fbad8c5897,1
NL,fa0e8ff5963262767b68d36aeb91ce09,,fa0e8ff5963262767b68d36aeb91ce09,2015-01-01,,1500,M,,FALSE,,"[{""volgnr"": 1, ""brandstof"": ""Diesel""}]",,,,,ab5cabba031ad4dea7bcb7d4642fe825,1
NL,a29ff6330fd63f49aebac7238b9dd8fd,,32a007c3cea025fd86785ac61678bf86,2014-01-01,,1500,L,,FALSE,,"[{""volgnr"": 1, ""brandstof"": ""Diesel""}]",,,,,21e4f148bee57333015fdf0ceecfbb70,1
NL,fa0e8ff5963262767b68d36aeb91ce09,,fa0e8ff5963262767b68d36aeb91ce09,2020-01-01,,1500,M,,FALSE,,"[{""volgnr"": 1, ""brandstof"": ""Elektriciteit""}, {""volgnr"": 2, ""brandstof"": ""Benzine""}]",,,,,afd601b819c5c9220ce26224b45d196b,1
NL,250e8291dda446bb0d7c4e1236f9634d,127009d036fc9580655851b014bebe68,b88add571a5d3e2abe129a6d5a49e67b,2017-01-01,,,L,1,FALSE,,"[{""volgnr"": 1, ""brandstof"": ""Benzine""}]",,,,,f3883caa68d76cf8442b4d81366c1e5f,1
NL,a29ff6330fd63f49aebac7238b9dd8fd,,32a007c3cea025fd86785ac61678bf86,1996-01-01,,1500,N,,FALSE,,"[{""volgnr"": 1, ""brandstof"": ""Diesel""}]",,,,,6bcc0e34a2cbd2a85e44733e108d3bfa,1
NL,a29ff6330fd63f49aebac7238b9dd8fd,,32a007c3cea025fd86785ac61678bf86,2010-01-01,,1500,N,,FALSE,,"[{""volgnr"": 1, ""brandstof"": ""Diesel""}]",,,,,eabdfa9f1ec87a6e6f1041094ca4c99f,1
NL,fa0e8ff5963262767b68d36aeb91ce09,,fa0e8ff5963262767b68d36aeb91ce09,1995-01-01,,1500,M,,FALSE,,"[{""volgnr"": 1, ""brandstof"": ""Benzine""}]",,,,,9bfe925250d675d4017ce60eab62b3ce,1
NL,6e4b38bfd57741ac1597c440a1c98074,996e8ce50025e8b1e8fa95fcb28c4e5a,d20f83ee6933aa1ea047fe5cbd9c1fd5,2011-01-01,,18600,R,,FALSE,,"[{""volgnr"": 1, ""brandstof"": ""Diesel""}]",,,,,fa1f3f8a96356b868f354737b59435ce,1
NL,a29ff6330fd63f49aebac7238b9dd8fd,,32a007c3cea025fd86785ac61678bf86,2016-01-01,,1500,L,,FALSE,,"[{""volgnr"": 1, ""brandstof"": ""Diesel""}]",,,,,cf952ed04b6fe4b477cd141f74d0bed6,1
NL,fa0e8ff5963262767b68d36aeb91ce09,,fa0e8ff5963262767b68d36aeb91ce09,2018-01-01,,1500,M,,FALSE,,"[{""volgnr"": 1, ""brandstof"": ""Benzine""}]",,,,,313080aa46414e2bd9573e0c095b3be4,1
NL,a29ff6330fd63f49aebac7238b9dd8fd,,32a007c3cea025fd86785ac61678bf86,2017-01-01,,1500,N,,FALSE,,"[{""volgnr"": 1, ""brandstof"": ""Diesel""}]",,,,,,1
NL,a29ff6330fd63f49aebac7238b9dd8fd,,32a007c3cea025fd86785ac61678bf86,2018-01-01,,1500,N,,FALSE,,"[{""volgnr"": 1, ""brandstof"": ""Diesel""}]",,,,,fb22a50c3e5e5b1e4a904da4406932b9,1
NL,fa0e8ff5963262767b68d36aeb91ce09,,fa0e8ff5963262767b68d36aeb91ce09,2013-01-01,,1500,M,,TRUE,,"[{""volgnr"": 1, ""brandstof"": ""Diesel""}]",,,,,ab5cabba031ad4dea7bcb7d4642fe825,1
NL,b920429cc3267eae82f7c4fec430abf8,,4d0a6feb5d057b41f2e0dacf763834fa,2019-01-01,,1500,C,,FALSE,,"[{""volgnr"": 1, ""brandstof"": ""Benzine""}]",,,,,fddff45fd0a0676f140ecc0406c34b1a,1
NL,fa0e8ff5963262767b68d36aeb91ce09,,fa0e8ff5963262767b68d36aeb91ce09,2014-01-01,,1500,M,,FALSE,,"[{""volgnr"": 1, ""brandstof"": ""Benzine""}]",,,,,2cfe9b188b4005230cfbedfb17292d2b,1
NL,fa0e8ff5963262767b68d36aeb91ce09,,fa0e8ff5963262767b68d36aeb91ce09,2019-01-01,,1500,M,,TRUE,,"[{""volgnr"": 1, ""brandstof"": ""Benzine""}]",,,,,313080aa46414e2bd9573e0c095b3be4,1
NL,fa0e8ff5963262767b68d36aeb91ce09,,fa0e8ff5963262767b68d36aeb91ce09,2010-01-01,,1500,M,,FALSE,,"[{""volgnr"": 1, ""brandstof"": ""CNG""}]",,,,,be80f90092176f7895b105fbad8c5897,1
NL,fa0e8ff5963262767b68d36aeb91ce09,,fa0e8ff5963262767b68d36aeb91ce09,2015-01-01,,1500,M,,TRUE,,"[{""volgnr"": 1, ""brandstof"": ""Benzine""}, {""volgnr"": 2, ""brandstof"": ""Elektriciteit""}]",,,,,2cfe9b188b4005230cfbedfb17292d2b,1
NL,a29ff6330fd63f49aebac7238b9dd8fd,,32a007c3cea025fd86785ac61678bf86,2012-01-01,,1500,N,,FALSE,,"[{""volgnr"": 1, ""brandstof"": ""Elektriciteit""}]",,,,,db6afb025be0642453da999116a854ca,1
NL,a29ff6330fd63f49aebac7238b9dd8fd,,32a007c3cea025fd86785ac61678bf86,2016-01-01,,1500,N,,FALSE,,"[{""volgnr"": 1, ""brandstof"": ""Diesel""}]",,,,,df214c6d7573c6613c0b1efff307e902,1
NL,fa0e8ff5963262767b68d36aeb91ce09,,fa0e8ff5963262767b68d36aeb91ce09,2003-01-01,,1500,M,,FALSE,,"[{""volgnr"": 1, ""brandstof"": ""Benzine""}]",,,,,9796b84e3ccacab0a72d778de2a674ba,1
NL,a29ff6330fd63f49aebac7238b9dd8fd,,32a007c3cea025fd86785ac61678bf86,2005-01-01,,1500,N,,FALSE,,"[{""volgnr"": 1, ""brandstof"": ""Diesel""}]",,,,,b6ab9f5ef3e4246a9ff1a8eef4f8f4d2,1
NL,fa0e8ff5963262767b68d36aeb91ce09,,fa0e8ff5963262767b68d36aeb91ce09,2021-01-01,,1500,M,,FALSE,,"[{""volgnr"": 1, ""brandstof"": ""Benzine""}, {""volgnr"": 2, ""brandstof"": ""LPG""}]",,,,,01adbc02bad1331bda7ed09922d02a4a,1
NL,fa0e8ff5963262767b68d36aeb91ce09,,fa0e8ff5963262767b68d36aeb91ce09,2007-01-01,,1500,M,,FALSE,,"[{""volgnr"": 1, ""brandstof"": ""Benzine""}, {""volgnr"": 2, ""brandstof"": ""LPG""}]",,,,,94a7b382443a538f48e58e0fc6d3f277,1
NL,a29ff6330fd63f49aebac7238b9dd8fd,90689d934083b5940f0f1179d2098eeb,a1b8a26b20325e6292794331abb32f43,2021-01-01,,5000,L,,FALSE,,"[{""volgnr"": 1, ""brandstof"": ""Diesel""}]",,,,,21e4f148bee57333015fdf0ceecfbb70,1
NL,fa0e8ff5963262767b68d36aeb91ce09,,fa0e8ff5963262767b68d36aeb91ce09,2004-01-01,,1500,M,,FALSE,,"[{""volgnr"": 1, ""brandstof"": ""Diesel""}]",,,,,3e4b6bb63e6871da80fb99c2334f2366,1
NL,a29ff6330fd63f49aebac7238b9dd8fd,,32a007c3cea025fd86785ac61678bf86,2018-01-01,,1500,N,,FALSE,,"[{""volgnr"": 1, ""brandstof"": ""Diesel""}]",,,,,3805f36c149f9f4c61348eb35ebac135,1
NL,fa0e8ff5963262767b68d36aeb91ce09,,fa0e8ff5963262767b68d36aeb91ce09,2021-01-01,,1500,M,,TRUE,,"[{""volgnr"": 1, ""brandstof"": ""Elektriciteit""}]",,,,,,1
NL,fa0e8ff5963262767b68d36aeb91ce09,,fa0e8ff5963262767b68d36aeb91ce09,2018-01-01,,1500,M,,FALSE,,"[{""volgnr"": 1, ""brandstof"": ""Benzine""}, {""volgnr"": 2, ""brandstof"": ""Elektriciteit""}]",,,,,afd601b819c5c9220ce26224b45d196b,1
NL,6e4b38bfd57741ac1597c440a1c98074,996e8ce50025e8b1e8fa95fcb28c4e5a,d20f83ee6933aa1ea047fe5cbd9c1fd5,2020-01-01,,18745,R,,FALSE,,"[{""volgnr"": 1, ""brandstof"": ""Elektriciteit""}]",,,,,6d408d83af775ffd49887c583940dcd2,1
NL,fa0e8ff5963262767b68d36aeb91ce09,,fa0e8ff5963262767b68d36aeb91ce09,2014-01-01,,1500,M,,FALSE,,"[{""volgnr"": 1, ""brandstof"": ""Diesel""}, {""volgnr"": 2, ""brandstof"": ""Elektriciteit""}]",,,,,8c78907bed0727bd6c3a35337c681667,1
NL,6e4b38bfd57741ac1597c440a1c98074,996e8ce50025e8b1e8fa95fcb28c4e5a,d20f83ee6933aa1ea047fe5cbd9c1fd5,2014-01-01,,18600,R,,FALSE,,"[{""volgnr"": 1, ""brandstof"": ""Diesel""}]",,,,,7fad7a61431c640125b31dbf7104297f,1
ES,,,,,,,M,,FALSE,,,,,,,,1
NL,fa0e8ff5963262767b68d36aeb91ce09,,fa0e8ff5963262767b68d36aeb91ce09,2020-01-01,,1500,M,,TRUE,,"[{""volgnr"": 1, ""brandstof"": ""Elektriciteit""}]",,,,,bacb7c69ab711bc059789c1d5dc3e282,1
NL,fa0e8ff5963262767b68d36aeb91ce09,,fa0e8ff5963262767b68d36aeb91ce09,2013-01-01,,1500,M,,FALSE,,"[{""volgnr"": 1, ""brandstof"": ""Benzine""}]",,,,,313080aa46414e2bd9573e0c095b3be4,1
NL,fa0e8ff5963262767b68d36aeb91ce09,,fa0e8ff5963262767b68d36aeb91ce09,2009-01-01,,1500,M,,FALSE,,"[{""volgnr"": 1, ""brandstof"": ""Diesel""}]",,,,,a632bf65e65534b38b13935f2192cff5,1
NL,aacec278e09e7e50d086f9ae92409fda,,4d0a6feb5d057b41f2e0dacf763834fa,2016-01-01,,1500,M,,FALSE,,"[{""volgnr"": 1, ""brandstof"": ""Benzine""}]",,,,,72d6badccf4f0f417a0238e84eb01554,1
NL,fa0e8ff5963262767b68d36aeb91ce09,,fa0e8ff5963262767b68d36aeb91ce09,2003-01-01,,1500,M,,FALSE,,"[{""volgnr"": 1, ""brandstof"": ""Benzine""}]",,,,,32e487204e64645f44be2467bc9cc636,1
NL,a29ff6330fd63f49aebac7238b9dd8fd,,32a007c3cea025fd86785ac61678bf86,2016-01-01,,1500,N,,FALSE,,"[{""volgnr"": 1, ""brandstof"": ""Diesel""}]",,,,,78fd3c5ffcd153a3b89fb0cab68f95b1,1
NL,fa0e8ff5963262767b68d36aeb91ce09,,fa0e8ff5963262767b68d36aeb91ce09,2005-01-01,,1500,M,,FALSE,,"[{""volgnr"": 1, ""brandstof"": ""Benzine""}]",,,,,32e487204e64645f44be2467bc9cc636,1
ES,,,,,,,M,,FALSE,,,,,,,,1
NL,fa0e8ff5963262767b68d36aeb91ce09,,fa0e8ff5963262767b68d36aeb91ce09,2015-01-01,,1500,M,,TRUE,,"[{""volgnr"": 1, ""brandstof"": ""CNG""}, {""volgnr"": 2, ""brandstof"": ""Benzine""}]",,,,,0155348ec3f78f9a7db296938e48c2ec,1
NL,a29ff6330fd63f49aebac7238b9dd8fd,cbba98f80402e7875d67378c74fc0272,a8024055ff1b55b2ce337ebb4b8b5465,2016-01-01,,19500,T,,FALSE,,"[{""volgnr"": 1, ""brandstof"": ""Diesel""}]",,,,,89a6a5383a1ccadcde08079d666c2883,1
NL,b920429cc3267eae82f7c4fec430abf8,344359f34a7ecd2bd4a3d0cbb7aa697c,4d0a6feb5d057b41f2e0dacf763834fa,2015-01-01,,,C,1,FALSE,,"[{""volgnr"": 1, ""brandstof"": ""Benzine""}]",,,,,6154de55400f77c11125079ee520aa8f,1
NL,fa0e8ff5963262767b68d36aeb91ce09,,fa0e8ff5963262767b68d36aeb91ce09,2010-01-01,,1500,M,,FALSE,,"[{""volgnr"": 1, ""brandstof"": ""Benzine""}]",,,,,2cfe9b188b4005230cfbedfb17292d2b,1
NL,a29ff6330fd63f49aebac7238b9dd8fd,,a8024055ff1b55b2ce337ebb4b8b5465,2015-01-01,,1500,L,,FALSE,,"[{""volgnr"": 1, ""brandstof"": ""Diesel""}]",,,,,cf952ed04b6fe4b477cd141f74d0bed6,1
NL,,,,,,,T,,FALSE,,,,,,,,1
NL,fa0e8ff5963262767b68d36aeb91ce09,,fa0e8ff5963262767b68d36aeb91ce09,2014-01-01,,1500,M,,TRUE,,"[{""volgnr"": 1, ""brandstof"": ""CNG""}, {""volgnr"": 2, ""brandstof"": ""Benzine""}]",,,,,0155348ec3f78f9a7db296938e48c2ec,1
NL,250e8291dda446bb0d7c4e1236f9634d,f985c4b48c24fa3e8a7796fbd36a10a1,b88add571a5d3e2abe129a6d5a49e67b,2020-01-01,,,L,,FALSE,,"[{""volgnr"": 1, ""brandstof"": ""Benzine""}]",,,,,f2103a92ca10ac5e02288d2f7ec1baed,1
NL,a29ff6330fd63f49aebac7238b9dd8fd,,32a007c3cea025fd86785ac61678bf86,2007-01-01,,1500,N,,FALSE,,"[{""volgnr"": 1, ""brandstof"": ""Diesel""}]",,,,,b6ab9f5ef3e4246a9ff1a8eef4f8f4d2,1
NL,fa0e8ff5963262767b68d36aeb91ce09,,fa0e8ff5963262767b68d36aeb91ce09,2014-01-01,,1500,M,,TRUE,,"[{""volgnr"": 1, ""brandstof"": ""Diesel""}, {""volgnr"": 2, ""brandstof"": ""Elektriciteit""}]",,,,,a632bf65e65534b38b13935f2192cff5,1
NL,fa0e8ff5963262767b68d36aeb91ce09,,fa0e8ff5963262767b68d36aeb91ce09,2020-01-01,,1500,M,,FALSE,,"[{""volgnr"": 1, ""brandstof"": ""Benzine""}, {""volgnr"": 2, ""brandstof"": ""LPG""}]",,,,,01adbc02bad1331bda7ed09922d02a4a,1
NL,a29ff6330fd63f49aebac7238b9dd8fd,,32a007c3cea025fd86785ac61678bf86,2007-01-01,,1500,N,,FALSE,,"[{""volgnr"": 1, ""brandstof"": ""Diesel""}]",,,,,a5c151feb98fb075c292c8b0400913e2,1
ES,,,,,,,M,,FALSE,,,,,,,,1
NL,fa0e8ff5963262767b68d36aeb91ce09,,fa0e8ff5963262767b68d36aeb91ce09,2016-01-01,,1500,M,,FALSE,,"[{""volgnr"": 1, ""brandstof"": ""Benzine""}]",,,,,313080aa46414e2bd9573e0c095b3be4,1
NL,b920429cc3267eae82f7c4fec430abf8,,4d0a6feb5d057b41f2e0dacf763834fa,2020-01-01,,1500,C,,FALSE,,"[{""volgnr"": 1, ""brandstof"": ""Benzine""}]",,,,,fddff45fd0a0676f140ecc0406c34b1a,1
ES,,,,,,,M,,FALSE,,,,,,,,1
NL,fa0e8ff5963262767b68d36aeb91ce09,,fa0e8ff5963262767b68d36aeb91ce09,2019-01-01,,1500,M,,FALSE,,"[{""volgnr"": 1, ""brandstof"": ""Diesel""}, {""volgnr"": 2, ""brandstof"": ""Elektriciteit""}]",,,,,ab5cabba031ad4dea7bcb7d4642fe825,1
NL,fa0e8ff5963262767b68d36aeb91ce09,,fa0e8ff5963262767b68d36aeb91ce09,2015-01-01,,1500,M,,FALSE,,"[{""volgnr"": 1, ""brandstof"": ""Benzine""}, {""volgnr"": 2, ""brandstof"": ""Elektriciteit""}]",,,,,afd601b819c5c9220ce26224b45d196b,1
NL,a29ff6330fd63f49aebac7238b9dd8fd,,32a007c3cea025fd86785ac61678bf86,2006-01-01,,1500,N,,FALSE,,"[{""volgnr"": 1, ""brandstof"": ""Diesel""}]",,,,,a5c151feb98fb075c292c8b0400913e2,1
NL,6e4b38bfd57741ac1597c440a1c98074,996e8ce50025e8b1e8fa95fcb28c4e5a,d20f83ee6933aa1ea047fe5cbd9c1fd5,2011-01-01,,18600,R,,FALSE,,"[{""volgnr"": 1, ""brandstof"": ""Diesel""}]",,,,,abf411ecd0f7fae98676b1c56a26ddb7,1
NL,fa0e8ff5963262767b68d36aeb91ce09,,fa0e8ff5963262767b68d36aeb91ce09,2019-01-01,,1500,M,,FALSE,,"[{""volgnr"": 1, ""brandstof"": ""Elektriciteit""}, {""volgnr"": 2, ""brandstof"": ""Benzine""}]",,,,,afd601b819c5c9220ce26224b45d196b,1
NL,fa0e8ff5963262767b68d36aeb91ce09,,fa0e8ff5963262767b68d36aeb91ce09,2014-01-01,,1500,M,,TRUE,,"[{""volgnr"": 1, ""brandstof"": ""Elektriciteit""}]",,,,,bacb7c69ab711bc059789c1d5dc3e282,1
NL,250e8291dda446bb0d7c4e1236f9634d,,b88add571a5d3e2abe129a6d5a49e67b,2021-01-01,,1500,L,,FALSE,,"[{""volgnr"": 1, ""brandstof"": ""Benzine""}]",,,,,80909b220f61fe50e8a0f9dae027143b,1
NL,a29ff6330fd63f49aebac7238b9dd8fd,,86e4e9538b6d59b21bff62116f48271f,2019-01-01,,1500,N,,FALSE,,"[{""volgnr"": 1, ""brandstof"": ""Benzine""}, {""volgnr"": 2, ""brandstof"": ""LPG""}]",,,,,934f1e4d55c41097438d5bf613ad168c,1
NL,fa0e8ff5963262767b68d36aeb91ce09,,fa0e8ff5963262767b68d36aeb91ce09,2001-01-01,,1500,M,,FALSE,,"[{""volgnr"": 1, ""brandstof"": ""Benzine""}]",,,,,32e487204e64645f44be2467bc9cc636,1
NL,a29ff6330fd63f49aebac7238b9dd8fd,cb2a883580c7f4077bfb44ec0c1a5847,32a007c3cea025fd86785ac61678bf86,2018-01-01,,11990,L,,FALSE,,"[{""volgnr"": 1, ""brandstof"": ""Diesel""}]",,,,,89a6a5383a1ccadcde08079d666c2883,1
NL,fa0e8ff5963262767b68d36aeb91ce09,,fa0e8ff5963262767b68d36aeb91ce09,2019-01-01,,1500,M,,TRUE,,"[{""volgnr"": 1, ""brandstof"": ""Elektriciteit""}, {""volgnr"": 2, ""brandstof"": ""Benzine""}]",,,,,313080aa46414e2bd9573e0c095b3be4,1
NL,a29ff6330fd63f49aebac7238b9dd8fd,,32a007c3cea025fd86785ac61678bf86,2010-01-01,,1500,N,,FALSE,,"[{""volgnr"": 1, ""brandstof"": ""Diesel""}]",,,,,df214c6d7573c6613c0b1efff307e902,1
NL,fa0e8ff5963262767b68d36aeb91ce09,,fa0e8ff5963262767b68d36aeb91ce09,1998-01-01,,1500,M,,FALSE,,"[{""volgnr"": 1, ""brandstof"": ""Benzine""}]",,,,,1b3284c0525be8250c32be9cf99977d5,1
NL,fa0e8ff5963262767b68d36aeb91ce09,,fa0e8ff5963262767b68d36aeb91ce09,2011-01-01,,1500,M,,TRUE,,"[{""volgnr"": 1, ""brandstof"": ""Benzine""}, {""volgnr"": 2, ""brandstof"": ""Elektriciteit""}]",,,,,2cfe9b188b4005230cfbedfb17292d2b,1
NL,fa0e8ff5963262767b68d36aeb91ce09,,fa0e8ff5963262767b68d36aeb91ce09,2020-01-01,,1500,M,,FALSE,,"[{""volgnr"": 1, ""brandstof"": ""Benzine""}]",,,,,313080aa46414e2bd9573e0c095b3be4,1
NL,fa0e8ff5963262767b68d36aeb91ce09,,fa0e8ff5963262767b68d36aeb91ce09,2003-01-01,,1500,M,,FALSE,,"[{""volgnr"": 1, ""brandstof"": ""Benzine""}, {""volgnr"": 2, ""brandstof"": ""LPG""}]",,,,,f5535a5caee41673c00a0a56a4cd4d93,1
NL,fa0e8ff5963262767b68d36aeb91ce09,,fa0e8ff5963262767b68d36aeb91ce09,2016-01-01,,1500,M,,FALSE,,"[{""volgnr"": 1, ""brandstof"": ""Diesel""}, {""volgnr"": 2, ""brandstof"": ""Elektriciteit""}]",,,,,ad7e3be346986326f0c2cc066c436b10,1
NL,a29ff6330fd63f49aebac7238b9dd8fd,,32a007c3cea025fd86785ac61678bf86,2021-01-01,,1500,N,,FALSE,,"[{""volgnr"": 1, ""brandstof"": ""Diesel""}]",,,,,958f46b0e5076a1c19396d8ed4803784,1
NL,fa0e8ff5963262767b68d36aeb91ce09,,fa0e8ff5963262767b68d36aeb91ce09,2010-01-01,,1500,M,,FALSE,,"[{""volgnr"": 1, ""brandstof"": ""Benzine""}, {""volgnr"": 2, ""brandstof"": ""LPG""}]",,,,,94a7b382443a538f48e58e0fc6d3f277,1
NL,fa0e8ff5963262767b68d36aeb91ce09,,fa0e8ff5963262767b68d36aeb91ce09,2021-01-01,,1500,M,,FALSE,,"[{""volgnr"": 1, ""brandstof"": ""Diesel""}]",,,,,a020887472706a195f6675ce528d9965,1
NL,a29ff6330fd63f49aebac7238b9dd8fd,,32a007c3cea025fd86785ac61678bf86,2011-01-01,,1500,N,,FALSE,,"[{""volgnr"": 1, ""brandstof"": ""Benzine""}]",,,,,5a0562b2bbac60fc4fe9a4cbfbc6d8fa,1
NL,250e8291dda446bb0d7c4e1236f9634d,,b88add571a5d3e2abe129a6d5a49e67b,2018-01-01,,1500,L,,FALSE,,"[{""volgnr"": 1, ""brandstof"": ""Elektriciteit""}]",,,,,94ab5617fd940feca6ba5f5e9cf60888,1
NL,fa0e8ff5963262767b68d36aeb91ce09,,fa0e8ff5963262767b68d36aeb91ce09,2014-01-01,,1500,M,,FALSE,,"[{""volgnr"": 1, ""brandstof"": ""Diesel""}]",,,,,ab5cabba031ad4dea7bcb7d4642fe825,1
NL,a29ff6330fd63f49aebac7238b9dd8fd,,32a007c3cea025fd86785ac61678bf86,2008-01-01,,1500,N,,FALSE,,"[{""volgnr"": 1, ""brandstof"": ""Diesel""}]",,,,,eabdfa9f1ec87a6e6f1041094ca4c99f,1
NL,a29ff6330fd63f49aebac7238b9dd8fd,,a8024055ff1b55b2ce337ebb4b8b5465,2018-01-01,,1500,N,,FALSE,,"[{""volgnr"": 1, ""brandstof"": ""Diesel""}]",,,,,78fd3c5ffcd153a3b89fb0cab68f95b1,1
NL,a29ff6330fd63f49aebac7238b9dd8fd,,86e4e9538b6d59b21bff62116f48271f,2017-01-01,,1500,N,,FALSE,,"[{""volgnr"": 1, ""brandstof"": ""Benzine""}, {""volgnr"": 2, ""brandstof"": ""LPG""}]",,,,,934f1e4d55c41097438d5bf613ad168c,1
NL,fa0e8ff5963262767b68d36aeb91ce09,,fa0e8ff5963262767b68d36aeb91ce09,2017-01-01,,1500,M,,FALSE,,"[{""volgnr"": 1, ""brandstof"": ""Elektriciteit""}, {""volgnr"": 2, ""brandstof"": ""Benzine""}]",,,,,313080aa46414e2bd9573e0c095b3be4,1
NL,fa0e8ff5963262767b68d36aeb91ce09,,fa0e8ff5963262767b68d36aeb91ce09,2017-01-01,,1500,M,,TRUE,,"[{""volgnr"": 1, ""brandstof"": ""Diesel""}]",,,,,ab5cabba031ad4dea7bcb7d4642fe825,1
NL,fa0e8ff5963262767b68d36aeb91ce09,,fa0e8ff5963262767b68d36aeb91ce09,2002-01-01,,1500,M,,FALSE,,"[{""volgnr"": 1, ""brandstof"": ""CNG""}, {""volgnr"": 2, ""brandstof"": ""Benzine""}]",,,,,32e487204e64645f44be2467bc9cc636,1
NL,6e4b38bfd57741ac1597c440a1c98074,90689d934083b5940f0f1179d2098eeb,d20f83ee6933aa1ea047fe5cbd9c1fd5,2010-01-01,,28745,R,,FALSE,,"[{""volgnr"": 1, ""brandstof"": ""Diesel""}]",,,,,0e1495b4a571ffaec87a5e8512f1999c,1
NL,a29ff6330fd63f49aebac7238b9dd8fd,,32a007c3cea025fd86785ac61678bf86,2009-01-01,,1500,N,,FALSE,,"[{""volgnr"": 1, ""brandstof"": ""Diesel""}]",,,,,3647d1353143f1e157e965fb69cbafa3,1
NL,a29ff6330fd63f49aebac7238b9dd8fd,,32a007c3cea025fd86785ac61678bf86,2010-01-01,,1500,N,,FALSE,,"[{""volgnr"": 1, ""brandstof"": ""Diesel""}]",,,,,5dd2bc55bdc83df93e3292213fe1e883,1
NL,fa0e8ff5963262767b68d36aeb91ce09,,fa0e8ff5963262767b68d36aeb91ce09,2010-01-01,,1500,M,,FALSE,,"[{""volgnr"": 1, ""brandstof"": ""Benzine""}, {""volgnr"": 2, ""brandstof"": ""LPG""}]",,,,,1fb47655b51f841a12caa1f82d92e1a2,1
NL,fa0e8ff5963262767b68d36aeb91ce09,,fa0e8ff5963262767b68d36aeb91ce09,2016-01-01,,1500,M,,FALSE,,"[{""volgnr"": 1, ""brandstof"": ""Benzine""}, {""volgnr"": 2, ""brandstof"": ""Elektriciteit""}]",,,,,313080aa46414e2bd9573e0c095b3be4,1
NL,a29ff6330fd63f49aebac7238b9dd8fd,,a1b8a26b20325e6292794331abb32f43,2020-01-01,,1500,N,,FALSE,,"[{""volgnr"": 1, ""brandstof"": ""Diesel""}]",,,,,958f46b0e5076a1c19396d8ed4803784,1
NL,a29ff6330fd63f49aebac7238b9dd8fd,,9bb6bb8697da8dcb9b0d8eb3cdcf8e48,2017-01-01,,1500,N,,FALSE,,"[{""volgnr"": 1, ""brandstof"": ""Diesel""}]",,,,,78fd3c5ffcd153a3b89fb0cab68f95b1,1
NL,fa0e8ff5963262767b68d36aeb91ce09,,fa0e8ff5963262767b68d36aeb91ce09,2005-01-01,,1500,M,,FALSE,,"[{""volgnr"": 1, ""brandstof"": ""Benzine""}]",,,,,9796b84e3ccacab0a72d778de2a674ba,1
NL,a29ff6330fd63f49aebac7238b9dd8fd,5563bbe566e6cb8daeab62c1111c0793,a1b8a26b20325e6292794331abb32f43,2016-01-01,,37000,T,,FALSE,,"[{""volgnr"": 1, ""brandstof"": ""Diesel""}]",,,,,df8ecc6a986c04e71db846aaab8261f9,1
NL,a29ff6330fd63f49aebac7238b9dd8fd,5563bbe566e6cb8daeab62c1111c0793,50a4dd16e7f89825d6d8b92e6539ca9d,2016-01-01,,26000,T,,FALSE,,"[{""volgnr"": 1, ""brandstof"": ""Diesel""}]",,,,,df8ecc6a986c04e71db846aaab8261f9,1
NL,b920429cc3267eae82f7c4fec430abf8,,4d0a6feb5d057b41f2e0dacf763834fa,2016-01-01,,1500,C,,FALSE,,"[{""volgnr"": 1, ""brandstof"": ""Benzine""}]",,,,,6154de55400f77c11125079ee520aa8f,1
NL,fa0e8ff5963262767b68d36aeb91ce09,,fa0e8ff5963262767b68d36aeb91ce09,2020-01-01,,1500,M,,TRUE,,"[{""volgnr"": 1, ""brandstof"": ""Diesel""}]",,,,,a020887472706a195f6675ce528d9965,1
NL,a29ff6330fd63f49aebac7238b9dd8fd,,d69dee07875cd797846515c2eaff7b1d,2005-01-01,,1500,N,,FALSE,,"[{""volgnr"": 1, ""brandstof"": ""Diesel""}]",,,,,eabdfa9f1ec87a6e6f1041094ca4c99f,1
NL,fa0e8ff5963262767b68d36aeb91ce09,,fa0e8ff5963262767b68d36aeb91ce09,2004-01-01,,1500,M,,FALSE,,"[{""volgnr"": 1, ""brandstof"": ""Diesel""}]",,,,,2422790b3bdfed30325de3c3e532e35e,1
NL,a29ff6330fd63f49aebac7238b9dd8fd,,2bdabf5e1639582a7a0f24658d1409bc,2014-01-01,,1500,N,,FALSE,,"[{""volgnr"": 1, ""brandstof"": ""Diesel""}]",,,,,5dd2bc55bdc83df93e3292213fe1e883,1
NL,fa0e8ff5963262767b68d36aeb91ce09,,fa0e8ff5963262767b68d36aeb91ce09,2016-01-01,,1500,M,,TRUE,,"[{""volgnr"": 1, ""brandstof"": ""Elektriciteit""}]",,,,,bacb7c69ab711bc059789c1d5dc3e282,1
NL,a29ff6330fd63f49aebac7238b9dd8fd,,32a007c3cea025fd86785ac61678bf86,2017-01-01,,1500,N,,FALSE,,"[{""volgnr"": 1, ""brandstof"": ""CNG""}]",,,,,a57e5cf27282581c292653b3d33f214e,1
NL,fa0e8ff5963262767b68d36aeb91ce09,,fa0e8ff5963262767b68d36aeb91ce09,2013-01-01,,1500,M,,FALSE,,"[{""volgnr"": 1, ""brandstof"": ""Diesel""}]",,,,,a632bf65e65534b38b13935f2192cff5,1
NL,fa0e8ff5963262767b68d36aeb91ce09,,fa0e8ff5963262767b68d36aeb91ce09,2014-01-01,,1500,M,,FALSE,,"[{""volgnr"": 1, ""brandstof"": ""Elektriciteit""}]",,,,,bacb7c69ab711bc059789c1d5dc3e282,1
NL,a29ff6330fd63f49aebac7238b9dd8fd,,32a007c3cea025fd86785ac61678bf86,2015-01-01,,1500,N,,FALSE,,"[{""volgnr"": 1, ""brandstof"": ""Elektriciteit""}]",,,,,db6afb025be0642453da999116a854ca,1
NL,fa0e8ff5963262767b68d36aeb91ce09,,fa0e8ff5963262767b68d36aeb91ce09,2010-01-01,,1500,M,,FALSE,,"[{""volgnr"": 1, ""brandstof"": ""Benzine""}, {""volgnr"": 2, ""brandstof"": ""Elektriciteit""}]",,,,,2cfe9b188b4005230cfbedfb17292d2b,1
NL,fa0e8ff5963262767b68d36aeb91ce09,,fa0e8ff5963262767b68d36aeb91ce09,2014-01-01,,1500,M,,FALSE,,"[{""volgnr"": 1, ""brandstof"": ""Benzine""}, {""volgnr"": 2, ""brandstof"": ""Elektriciteit""}]",,,,,2cfe9b188b4005230cfbedfb17292d2b,1
NL,fa0e8ff5963262767b68d36aeb91ce09,,fa0e8ff5963262767b68d36aeb91ce09,2001-01-01,,1500,M,,FALSE,,"[{""volgnr"": 1, ""brandstof"": ""Benzine""}]",,,,,9796b84e3ccacab0a72d778de2a674ba,1
NL,fa0e8ff5963262767b68d36aeb91ce09,,fa0e8ff5963262767b68d36aeb91ce09,2001-01-01,,1500,M,,FALSE,,"[{""volgnr"": 1, ""brandstof"": ""Benzine""}]",,,,,1b3284c0525be8250c32be9cf99977d5,1
NL,fa0e8ff5963262767b68d36aeb91ce09,,fa0e8ff5963262767b68d36aeb91ce09,2016-01-01,,1500,M,,FALSE,,"[{""volgnr"": 1, ""brandstof"": ""Benzine""}]",,,,,,1
NL,,,,,,,N,,FALSE,,,,,,,,1
NL,fa0e8ff5963262767b68d36aeb91ce09,,fa0e8ff5963262767b68d36aeb91ce09,2014-01-01,,1500,M,,TRUE,,"[{""volgnr"": 1, ""brandstof"": ""Benzine""}, {""volgnr"": 2, ""brandstof"": ""Elektriciteit""}]",,,,,2cfe9b188b4005230cfbedfb17292d2b,1
IT,,,,,,,M,,FALSE,,,,,,,,1
NL,a29ff6330fd63f49aebac7238b9dd8fd,,86e4e9538b6d59b21bff62116f48271f,2015-01-01,,1500,N,,FALSE,,"[{""volgnr"": 1, ""brandstof"": ""Diesel""}]",,,,,5dd2bc55bdc83df93e3292213fe1e883,1
NL,6e4b38bfd57741ac1597c440a1c98074,90689d934083b5940f0f1179d2098eeb,d20f83ee6933aa1ea047fe5cbd9c1fd5,2007-01-01,,28745,R,,FALSE,,"[{""volgnr"": 1, ""brandstof"": ""Diesel""}]",,,,,74380be37803864cd0b947eb1e7d0012,1
NL,a29ff6330fd63f49aebac7238b9dd8fd,,a1b8a26b20325e6292794331abb32f43,2013-01-01,,1500,N,,FALSE,,"[{""volgnr"": 1, ""brandstof"": ""Diesel""}]",,,,,5dd2bc55bdc83df93e3292213fe1e883,1
NL,fa0e8ff5963262767b68d36aeb91ce09,,fa0e8ff5963262767b68d36aeb91ce09,2013-01-01,,1500,M,,FALSE,,"[{""volgnr"": 1, ""brandstof"": ""Benzine""}, {""volgnr"": 2, ""brandstof"": ""Elektriciteit""}]",,,,,313080aa46414e2bd9573e0c095b3be4,1
NL,a29ff6330fd63f49aebac7238b9dd8fd,,32a007c3cea025fd86785ac61678bf86,2015-01-01,,1500,N,,FALSE,,"[{""volgnr"": 1, ""brandstof"": ""Diesel""}]",,,,,5dd2bc55bdc83df93e3292213fe1e883,1
NL,fa0e8ff5963262767b68d36aeb91ce09,,fa0e8ff5963262767b68d36aeb91ce09,2013-01-01,,1500,M,,FALSE,,"[{""volgnr"": 1, ""brandstof"": ""Benzine""}]",,,,,2cfe9b188b4005230cfbedfb17292d2b,1
NL,fa0e8ff5963262767b68d36aeb91ce09,,fa0e8ff5963262767b68d36aeb91ce09,2014-01-01,,1500,M,,FALSE,,"[{""volgnr"": 1, ""brandstof"": ""CNG""}, {""volgnr"": 2, ""brandstof"": ""Benzine""}]",,,,,0155348ec3f78f9a7db296938e48c2ec,1
NL,a29ff6330fd63f49aebac7238b9dd8fd,,32a007c3cea025fd86785ac61678bf86,2015-01-01,,1500,N,,FALSE,,"[{""volgnr"": 1, ""brandstof"": ""Benzine""}]",,,,,9e64d207edd15660a03f1abb9cae18e9,1
NL,b920429cc3267eae82f7c4fec430abf8,,4d0a6feb5d057b41f2e0dacf763834fa,2007-01-01,,1500,C,,FALSE,,"[{""volgnr"": 1, ""brandstof"": ""Benzine""}]",,,,,8d94cb1a6b77bfcc7b86d7bc18303fce,1
IT,,,,,,,M,,FALSE,,,,,,,,1
NL,a29ff6330fd63f49aebac7238b9dd8fd,,d69dee07875cd797846515c2eaff7b1d,2006-01-01,,1500,N,,FALSE,,"[{""volgnr"": 1, ""brandstof"": ""Diesel""}]",,,,,eabdfa9f1ec87a6e6f1041094ca4c99f,1
NL,fa0e8ff5963262767b68d36aeb91ce09,,fa0e8ff5963262767b68d36aeb91ce09,1999-01-01,,1500,M,,FALSE,,"[{""volgnr"": 1, ""brandstof"": ""Benzine""}]",,,,,1b3284c0525be8250c32be9cf99977d5,1
NL,a29ff6330fd63f49aebac7238b9dd8fd,,32a007c3cea025fd86785ac61678bf86,2011-01-01,,1500,N,,FALSE,,"[{""volgnr"": 1, ""brandstof"": ""Diesel""}]",,,,,3647d1353143f1e157e965fb69cbafa3,1
NL,fa0e8ff5963262767b68d36aeb91ce09,,fa0e8ff5963262767b68d36aeb91ce09,2020-01-01,,1500,M,,FALSE,,"[{""volgnr"": 1, ""brandstof"": ""Diesel""}]",,,,,ab5cabba031ad4dea7bcb7d4642fe825,1
NL,a29ff6330fd63f49aebac7238b9dd8fd,,86e4e9538b6d59b21bff62116f48271f,2016-01-01,,1500,N,,FALSE,,"[{""volgnr"": 1, ""brandstof"": ""Benzine""}, {""volgnr"": 2, ""brandstof"": ""LPG""}]",,,,,934f1e4d55c41097438d5bf613ad168c,1
NL,fa0e8ff5963262767b68d36aeb91ce09,,fa0e8ff5963262767b68d36aeb91ce09,2004-01-01,,1500,M,,FALSE,,"[{""volgnr"": 1, ""brandstof"": ""Benzine""}, {""volgnr"": 2, ""brandstof"": ""LPG""}]",,,,,94a7b382443a538f48e58e0fc6d3f277,1
NL,250e8291dda446bb0d7c4e1236f9634d,,b88add571a5d3e2abe129a6d5a49e67b,2020-01-01,,1500,L,,FALSE,,"[{""volgnr"": 1, ""brandstof"": ""Benzine""}]",,,,,f2103a92ca10ac5e02288d2f7ec1baed,1
NL,a29ff6330fd63f49aebac7238b9dd8fd,,32a007c3cea025fd86785ac61678bf86,2010-01-01,,1500,N,,FALSE,,"[{""volgnr"": 1, ""brandstof"": ""Diesel""}]",,,,,b99684f7141b5c8f637bd68ddb246715,1
NL,a29ff6330fd63f49aebac7238b9dd8fd,cbba98f80402e7875d67378c74fc0272,32a007c3cea025fd86785ac61678bf86,2011-01-01,,18000,T,,FALSE,,"[{""volgnr"": 1, ""brandstof"": ""Diesel""}]",,,,,bdd29d9b07a55b397dac4328505c9243,1
NL,a29ff6330fd63f49aebac7238b9dd8fd,1d78a896187fde2d9238a25c5bfd81e7,67593af54bdb18344f997fad179417af,2018-01-01,,18600,T,,FALSE,,"[{""volgnr"": 1, ""brandstof"": ""Diesel""}]",,,,,2fdd607150f87ba668a75b963bc342e5,1
NL,b920429cc3267eae82f7c4fec430abf8,,4d0a6feb5d057b41f2e0dacf763834fa,2015-01-01,,1500,C,,FALSE,,"[{""volgnr"": 1, ""brandstof"": ""Benzine""}]",,,,,6154de55400f77c11125079ee520aa8f,1
NL,250e8291dda446bb0d7c4e1236f9634d,f8447314fcbe8e3c1f059f7b1ff816c4,b88add571a5d3e2abe129a6d5a49e67b,2020-01-01,,,L,,FALSE,,"[{""volgnr"": 1, ""brandstof"": ""Benzine""}]",,,,,f2103a92ca10ac5e02288d2f7ec1baed,1
NL,fa0e8ff5963262767b68d36aeb91ce09,,fa0e8ff5963262767b68d36aeb91ce09,2006-01-01,,1500,M,,FALSE,,"[{""volgnr"": 1, ""brandstof"": ""Diesel""}]",,,,,3e4b6bb63e6871da80fb99c2334f2366,1
NL,a29ff6330fd63f49aebac7238b9dd8fd,,32a007c3cea025fd86785ac61678bf86,2013-01-01,,1500,N,,FALSE,,"[{""volgnr"": 1, ""brandstof"": ""CNG""}, {""volgnr"": 2, ""brandstof"": ""Benzine""}]",,,,,d83681c07dee7edccc903398a258fcf5,1
NL,a29ff6330fd63f49aebac7238b9dd8fd,,9bb6bb8697da8dcb9b0d8eb3cdcf8e48,2013-01-01,,1500,N,,FALSE,,"[{""volgnr"": 1, ""brandstof"": ""Diesel""}]",,,,,5dd2bc55bdc83df93e3292213fe1e883,1
NL,fa0e8ff5963262767b68d36aeb91ce09,,fa0e8ff5963262767b68d36aeb91ce09,2011-01-01,,1500,M,,FALSE,,"[{""volgnr"": 1, ""brandstof"": ""CNG""}, {""volgnr"": 2, ""brandstof"": ""Benzine""}]",,,,,9a9712d4eb330f5d694e3114056e3896,1
NL,fa0e8ff5963262767b68d36aeb91ce09,,fa0e8ff5963262767b68d36aeb91ce09,1997-01-01,,1500,M,,FALSE,,"[{""volgnr"": 1, ""brandstof"": ""Benzine""}]",,,,,1b3284c0525be8250c32be9cf99977d5,1
NL,fa0e8ff5963262767b68d36aeb91ce09,,fa0e8ff5963262767b68d36aeb91ce09,2012-01-01,,1500,M,,FALSE,,"[{""volgnr"": 1, ""brandstof"": ""Diesel""}]",,,,,a632bf65e65534b38b13935f2192cff5,1
NL,a29ff6330fd63f49aebac7238b9dd8fd,,9bb6bb8697da8dcb9b0d8eb3cdcf8e48,2015-01-01,,1500,N,,FALSE,,"[{""volgnr"": 1, ""brandstof"": ""Diesel""}]",,,,,5dd2bc55bdc83df93e3292213fe1e883,1
NL,fa0e8ff5963262767b68d36aeb91ce09,,fa0e8ff5963262767b68d36aeb91ce09,1994-01-01,,1500,M,,FALSE,,"[{""volgnr"": 1, ""brandstof"": ""Benzine""}]",,,,,9bfe925250d675d4017ce60eab62b3ce,1
IT,,,,,,,M,,FALSE,,,,,,,,1
NL,fa0e8ff5963262767b68d36aeb91ce09,,fa0e8ff5963262767b68d36aeb91ce09,2020-01-01,,1500,M,,FALSE,,"[{""volgnr"": 1, ""brandstof"": ""Elektriciteit""}, {""volgnr"": 2, ""brandstof"": ""Benzine""}]",,,,,313080aa46414e2bd9573e0c095b3be4,1
NL,b920429cc3267eae82f7c4fec430abf8,,4d0a6feb5d057b41f2e0dacf763834fa,2016-01-01,,1500,C,,FALSE,,"[{""volgnr"": 1, ""brandstof"": ""Benzine""}]",,,,,56310fe449676e15384ad491e0538f5c,1
NL,a29ff6330fd63f49aebac7238b9dd8fd,,32a007c3cea025fd86785ac61678bf86,2005-01-01,,1500,N,,FALSE,,"[{""volgnr"": 1, ""brandstof"": ""Diesel""}]",,,,,eabdfa9f1ec87a6e6f1041094ca4c99f,1
NL,a29ff6330fd63f49aebac7238b9dd8fd,,32a007c3cea025fd86785ac61678bf86,2012-01-01,,1500,N,,FALSE,,"[{""volgnr"": 1, ""brandstof"": ""Diesel""}]",,,,,df214c6d7573c6613c0b1efff307e902,1
NL,a29ff6330fd63f49aebac7238b9dd8fd,9bd0e027d7e82b5a7b84bfc62033330e,27539b14c614a5a82324a2483645b228,2010-01-01,,18600,T,,FALSE,,"[{""volgnr"": 1, ""brandstof"": ""Diesel""}]",,,,,bdd29d9b07a55b397dac4328505c9243,1
NL,fa0e8ff5963262767b68d36aeb91ce09,,fa0e8ff5963262767b68d36aeb91ce09,2018-01-01,,1500,M,,FALSE,,"[{""volgnr"": 1, ""brandstof"": ""Diesel""}]",,,,,ab5cabba031ad4dea7bcb7d4642fe825,1
NL,fa0e8ff5963262767b68d36aeb91ce09,,fa0e8ff5963262767b68d36aeb91ce09,2007-01-01,,1500,M,,FALSE,,"[{""volgnr"": 1, ""brandstof"": ""Benzine""}]",,,,,32e487204e64645f44be2467bc9cc636,1
NL,fa0e8ff5963262767b68d36aeb91ce09,,fa0e8ff5963262767b68d36aeb91ce09,2006-01-01,,1500,M,,FALSE,,"[{""volgnr"": 1, ""brandstof"": ""Benzine""}, {""volgnr"": 2, ""brandstof"": ""Elektriciteit""}]",,,,,32e487204e64645f44be2467bc9cc636,1
NL,fa0e8ff5963262767b68d36aeb91ce09,abede94a3abe76b495d1d2c99700437d,fa0e8ff5963262767b68d36aeb91ce09,1980-01-01,,,M,,FALSE,,"[{""volgnr"": 1, ""brandstof"": ""LPG""}, {""volgnr"": 2, ""brandstof"": ""Benzine""}]",,,,,bb70584b21465aff00a61e9e35708789,1
NL,a29ff6330fd63f49aebac7238b9dd8fd,,32a007c3cea025fd86785ac61678bf86,2014-01-01,,1500,N,,FALSE,,"[{""volgnr"": 1, ""brandstof"": ""Diesel""}]",,,,,5dd2bc55bdc83df93e3292213fe1e883,1
NL,a29ff6330fd63f49aebac7238b9dd8fd,,32a007c3cea025fd86785ac61678bf86,2008-01-01,,1500,N,,FALSE,,"[{""volgnr"": 1, ""brandstof"": ""Diesel""}]",,,,,903bfc88cb7242c3a6dfa247a3b53e48,1
NL,a29ff6330fd63f49aebac7238b9dd8fd,,32a007c3cea025fd86785ac61678bf86,2014-01-01,,1500,N,,FALSE,,"[{""volgnr"": 1, ""brandstof"": ""Benzine""}]",,,,,5a0562b2bbac60fc4fe9a4cbfbc6d8fa,1
NL,a29ff6330fd63f49aebac7238b9dd8fd,,2bdabf5e1639582a7a0f24658d1409bc,2010-01-01,,1500,N,,FALSE,,"[{""volgnr"": 1, ""brandstof"": ""Diesel""}]",,,,,5dd2bc55bdc83df93e3292213fe1e883,1
NL,fa0e8ff5963262767b68d36aeb91ce09,,fa0e8ff5963262767b68d36aeb91ce09,2021-01-01,,1500,M,,FALSE,,"[{""volgnr"": 1, ""brandstof"": ""Elektriciteit""}]",,,,,,1
NL,fa0e8ff5963262767b68d36aeb91ce09,,fa0e8ff5963262767b68d36aeb91ce09,2018-01-01,,1500,M,,TRUE,,"[{""volgnr"": 1, ""brandstof"": ""Diesel""}]",,,,,ab5cabba031ad4dea7bcb7d4642fe825,1
NL,fa0e8ff5963262767b68d36aeb91ce09,,fa0e8ff5963262767b68d36aeb91ce09,2019-01-01,,1500,M,,FALSE,,"[{""volgnr"": 1, ""brandstof"": ""Benzine""}]",,,,,313080aa46414e2bd9573e0c095b3be4,1
NL,b920429cc3267eae82f7c4fec430abf8,,4d0a6feb5d057b41f2e0dacf763834fa,2016-01-01,,1500,C,,FALSE,,"[{""volgnr"": 1, ""brandstof"": ""Benzine""}]",,,,,e85f7a0b250b6f19d30aa976f5a3ce6d,1
NL,fa0e8ff5963262767b68d36aeb91ce09,,fa0e8ff5963262767b68d36aeb91ce09,2019-01-01,,1500,M,,TRUE,,"[{""volgnr"": 1, ""brandstof"": ""Diesel""}]",,,,,a020887472706a195f6675ce528d9965,1
NL,fa0e8ff5963262767b68d36aeb91ce09,,fa0e8ff5963262767b68d36aeb91ce09,2006-01-01,,1500,M,,FALSE,,"[{""volgnr"": 1, ""brandstof"": ""Benzine""}, {""volgnr"": 2, ""brandstof"": ""LPG""}]",,,,,94a7b382443a538f48e58e0fc6d3f277,1
NL,fa0e8ff5963262767b68d36aeb91ce09,,fa0e8ff5963262767b68d36aeb91ce09,2012-01-01,,1500,M,,FALSE,,"[{""volgnr"": 1, ""brandstof"": ""Benzine""}]",,,,,2cfe9b188b4005230cfbedfb17292d2b,1
NL,a29ff6330fd63f49aebac7238b9dd8fd,,a8024055ff1b55b2ce337ebb4b8b5465,2017-01-01,,1500,N,,FALSE,,"[{""volgnr"": 1, ""brandstof"": ""Diesel""}]",,,,,78fd3c5ffcd153a3b89fb0cab68f95b1,1
NL,fa0e8ff5963262767b68d36aeb91ce09,,fa0e8ff5963262767b68d36aeb91ce09,2018-01-01,,1500,M,,TRUE,,"[{""volgnr"": 1, ""brandstof"": ""CNG""}]",,,,,75bed2d13408dd033c016339ee52d584,1
NL,fa0e8ff5963262767b68d36aeb91ce09,,fa0e8ff5963262767b68d36aeb91ce09,2014-01-01,,1500,M,,TRUE,,"[{""volgnr"": 1, ""brandstof"": ""CNG""}]",,,,,75bed2d13408dd033c016339ee52d584,1
NL,a29ff6330fd63f49aebac7238b9dd8fd,9bd0e027d7e82b5a7b84bfc62033330e,32a007c3cea025fd86785ac61678bf86,2018-01-01,,7490,L,,FALSE,,"[{""volgnr"": 1, ""brandstof"": ""Diesel""}]",,,,,21e4f148bee57333015fdf0ceecfbb70,1
NL,6e4b38bfd57741ac1597c440a1c98074,996e8ce50025e8b1e8fa95fcb28c4e5a,d20f83ee6933aa1ea047fe5cbd9c1fd5,2017-01-01,,14870,R,,FALSE,,"[{""volgnr"": 1, ""brandstof"": ""Diesel""}]",,,,,7fad7a61431c640125b31dbf7104297f,1
NL,a29ff6330fd63f49aebac7238b9dd8fd,9bd0e027d7e82b5a7b84bfc62033330e,795c6f0f4db2c1d45130ac4c69517e88,2020-01-01,,39000,T,,FALSE,,"[{""volgnr"": 1, ""brandstof"": ""Diesel""}]",,,,,72e8a71c345d984ac38a7ebc4a203cf2,1
NL,fa0e8ff5963262767b68d36aeb91ce09,,fa0e8ff5963262767b68d36aeb91ce09,2013-01-01,,1500,M,,FALSE,,"[{""volgnr"": 1, ""brandstof"": ""Diesel""}, {""volgnr"": 2, ""brandstof"": ""Elektriciteit""}]",,,,,8c78907bed0727bd6c3a35337c681667,1
NL,fa0e8ff5963262767b68d36aeb91ce09,,fa0e8ff5963262767b68d36aeb91ce09,2015-01-01,,1500,M,,TRUE,,"[{""volgnr"": 1, ""brandstof"": ""Diesel""}]",,,,,a632bf65e65534b38b13935f2192cff5,1
NL,a29ff6330fd63f49aebac7238b9dd8fd,5b42077b1ff0cb0e1b99ad700b02ae55,04d70c149ed112ec739549f92b941ac1,2010-01-01,,20300,T,,FALSE,,"[{""volgnr"": 1, ""brandstof"": ""Diesel""}]",,,,,83a3a7b3e2a8b5c4b8d05911d92c73e0,1
NL,fa0e8ff5963262767b68d36aeb91ce09,,fa0e8ff5963262767b68d36aeb91ce09,2001-01-01,,1500,M,,FALSE,,"[{""volgnr"": 1, ""brandstof"": ""Benzine""}, {""volgnr"": 2, ""brandstof"": ""LPG""}]",,,,,f5535a5caee41673c00a0a56a4cd4d93,1
NL,250e8291dda446bb0d7c4e1236f9634d,127009d036fc9580655851b014bebe68,b88add571a5d3e2abe129a6d5a49e67b,2016-01-01,,,L,,FALSE,,"[{""volgnr"": 1, ""brandstof"": ""Benzine""}]",,,,,f3883caa68d76cf8442b4d81366c1e5f,1
NL,fa0e8ff5963262767b68d36aeb91ce09,,fa0e8ff5963262767b68d36aeb91ce09,2019-01-01,,1500,M,,TRUE,,"[{""volgnr"": 1, ""brandstof"": ""Diesel""}]",,,,,ab5cabba031ad4dea7bcb7d4642fe825,1
NL,fa0e8ff5963262767b68d36aeb91ce09,,fa0e8ff5963262767b68d36aeb91ce09,2012-01-01,,1500,M,,TRUE,,"[{""volgnr"": 1, ""brandstof"": ""Benzine""}, {""volgnr"": 2, ""brandstof"": ""Elektriciteit""}]",,,,,2cfe9b188b4005230cfbedfb17292d2b,1
NL,fa0e8ff5963262767b68d36aeb91ce09,,fa0e8ff5963262767b68d36aeb91ce09,2019-01-01,,1500,M,,FALSE,,"[{""volgnr"": 1, ""brandstof"": ""Elektriciteit""}]",,,,,bacb7c69ab711bc059789c1d5dc3e282,1
NL,fa0e8ff5963262767b68d36aeb91ce09,,fa0e8ff5963262767b68d36aeb91ce09,2005-01-01,,1500,M,,FALSE,,"[{""volgnr"": 1, ""brandstof"": ""Benzine""}, {""volgnr"": 2, ""brandstof"": ""LPG""}]",,,,,f5535a5caee41673c00a0a56a4cd4d93,1
NL,fa0e8ff5963262767b68d36aeb91ce09,,fa0e8ff5963262767b68d36aeb91ce09,2006-01-01,,1500,M,,FALSE,,"[{""volgnr"": 1, ""brandstof"": ""Diesel""}]",,,,,9b235f272c8a015d66e3624d9b1458f7,1
NL,a29ff6330fd63f49aebac7238b9dd8fd,,32a007c3cea025fd86785ac61678bf86,2011-01-01,,1500,N,,FALSE,,"[{""volgnr"": 1, ""brandstof"": ""Diesel""}]",,,,,eabdfa9f1ec87a6e6f1041094ca4c99f,1
NL,fa0e8ff5963262767b68d36aeb91ce09,,fa0e8ff5963262767b68d36aeb91ce09,2016-01-01,,1500,M,,FALSE,,"[{""volgnr"": 1, ""brandstof"": ""Diesel""}]",,,,,ab5cabba031ad4dea7bcb7d4642fe825,1
NL,a29ff6330fd63f49aebac7238b9dd8fd,cbba98f80402e7875d67378c74fc0272,67593af54bdb18344f997fad179417af,2015-01-01,,37000,T,,FALSE,,"[{""volgnr"": 1, ""brandstof"": ""Diesel""}]",,,,,3bf221a61a0cc385e08b723e5509d3ef,1
NL,aacec278e09e7e50d086f9ae92409fda,,4d0a6feb5d057b41f2e0dacf763834fa,2019-01-01,,1500,M,,FALSE,,"[{""volgnr"": 1, ""brandstof"": ""Benzine""}]",,,,,f95906441de3a3f05ca06e97cd39fa85,1
NL,a29ff6330fd63f49aebac7238b9dd8fd,cbba98f80402e7875d67378c74fc0272,67593af54bdb18344f997fad179417af,2015-01-01,,27000,T,,FALSE,,"[{""volgnr"": 1, ""brandstof"": ""Diesel""}]",,,,,3bf221a61a0cc385e08b723e5509d3ef,1
NL,a29ff6330fd63f49aebac7238b9dd8fd,,32a007c3cea025fd86785ac61678bf86,2017-01-01,,1500,N,,FALSE,,"[{""volgnr"": 1, ""brandstof"": ""Diesel""}]",,,,,3805f36c149f9f4c61348eb35ebac135,1
NL,fa0e8ff5963262767b68d36aeb91ce09,,fa0e8ff5963262767b68d36aeb91ce09,2002-01-01,,1500,M,,FALSE,,"[{""volgnr"": 1, ""brandstof"": ""Benzine""}]",,,,,32e487204e64645f44be2467bc9cc636,1
NL,250e8291dda446bb0d7c4e1236f9634d,,b88add571a5d3e2abe129a6d5a49e67b,2017-01-01,,1500,S,,FALSE,,"[{""volgnr"": 1, ""brandstof"": ""Elektriciteit""}]",,,,,a6162aaeefcd14727a76e1e58455799d,1
NL,fa0e8ff5963262767b68d36aeb91ce09,,fa0e8ff5963262767b68d36aeb91ce09,2018-01-01,,1500,M,,TRUE,,"[{""volgnr"": 1, ""brandstof"": ""Elektriciteit""}]",,,,,bacb7c69ab711bc059789c1d5dc3e282,1
NL,fa0e8ff5963262767b68d36aeb91ce09,,fa0e8ff5963262767b68d36aeb91ce09,2020-01-01,,1500,M,,FALSE,,"[{""volgnr"": 1, ""brandstof"": ""Benzine""}]",,,,,,1
NL,fa0e8ff5963262767b68d36aeb91ce09,,fa0e8ff5963262767b68d36aeb91ce09,2021-01-01,,1500,M,,TRUE,,"[{""volgnr"": 1, ""brandstof"": ""Elektriciteit""}]",,,,,bacb7c69ab711bc059789c1d5dc3e282,1
NL,fa0e8ff5963262767b68d36aeb91ce09,,fa0e8ff5963262767b68d36aeb91ce09,2015-01-01,,1500,M,,FALSE,,"[{""volgnr"": 1, ""brandstof"": ""Benzine""}]",,,,,313080aa46414e2bd9573e0c095b3be4,1
NL,fa0e8ff5963262767b68d36aeb91ce09,,fa0e8ff5963262767b68d36aeb91ce09,2014-01-01,,1500,M,,FALSE,,"[{""volgnr"": 1, ""brandstof"": ""Benzine""}, {""volgnr"": 2, ""brandstof"": ""Elektriciteit""}]",,,,,c39eb698333f40e96c77c8227a256ccd,1
NL,b920429cc3267eae82f7c4fec430abf8,,4d0a6feb5d057b41f2e0dacf763834fa,2003-01-01,,1500,C,,FALSE,,"[{""volgnr"": 1, ""brandstof"": ""Benzine""}]",,,,,37c02a5103231e120cfc6ead64543fb3,1
NL,a29ff6330fd63f49aebac7238b9dd8fd,,a8024055ff1b55b2ce337ebb4b8b5465,2016-01-01,,1500,N,,FALSE,,"[{""volgnr"": 1, ""brandstof"": ""Diesel""}]",,,,,5dd2bc55bdc83df93e3292213fe1e883,1
NL,fa0e8ff5963262767b68d36aeb91ce09,,fa0e8ff5963262767b68d36aeb91ce09,1996-01-01,,1500,M,,FALSE,,"[{""volgnr"": 1, ""brandstof"": ""Benzine""}]",,,,,1b3284c0525be8250c32be9cf99977d5,1
NL,fa0e8ff5963262767b68d36aeb91ce09,,fa0e8ff5963262767b68d36aeb91ce09,2017-01-01,,1500,M,,FALSE,,"[{""volgnr"": 1, ""brandstof"": ""Diesel""}]",,,,,ab5cabba031ad4dea7bcb7d4642fe825,1
NL,a29ff6330fd63f49aebac7238b9dd8fd,9bd0e027d7e82b5a7b84bfc62033330e,95c6c81cc89de18f28592cba859bab0d,2013-01-01,,26500,T,,FALSE,,"[{""volgnr"": 1, ""brandstof"": ""Diesel""}]",,,,,799730b072dfacc4f7d488b79c8521bc,1
NL,fa0e8ff5963262767b68d36aeb91ce09,,fa0e8ff5963262767b68d36aeb91ce09,2018-01-01,,1500,M,,FALSE,,"[{""volgnr"": 1, ""brandstof"": ""Diesel""}]",,,,,a020887472706a195f6675ce528d9965,1
NL,fa0e8ff5963262767b68d36aeb91ce09,,fa0e8ff5963262767b68d36aeb91ce09,2009-01-01,,1500,M,,FALSE,,"[{""volgnr"": 1, ""brandstof"": ""Benzine""}, {""volgnr"": 2, ""brandstof"": ""Elektriciteit""}]",,,,,32e487204e64645f44be2467bc9cc636,1
NL,fa0e8ff5963262767b68d36aeb91ce09,,fa0e8ff5963262767b68d36aeb91ce09,2013-01-01,,1500,M,,TRUE,,"[{""volgnr"": 1, ""brandstof"": ""Benzine""}, {""volgnr"": 2, ""brandstof"": ""Elektriciteit""}]",,,,,2cfe9b188b4005230cfbedfb17292d2b,1
IT,,,,,,,M,,FALSE,,,,,,,,1
NL,fa0e8ff5963262767b68d36aeb91ce09,,fa0e8ff5963262767b68d36aeb91ce09,2009-01-01,,1500,M,,TRUE,,"[{""volgnr"": 1, ""brandstof"": ""Diesel""}]",,,,,95065b709f21e3176fc177771083cd5e,1
NL,fa0e8ff5963262767b68d36aeb91ce09,,fa0e8ff5963262767b68d36aeb91ce09,2010-01-01,,1500,M,,TRUE,,"[{""volgnr"": 1, ""brandstof"": ""Benzine""}, {""volgnr"": 2, ""brandstof"": ""Elektriciteit""}]",,,,,2cfe9b188b4005230cfbedfb17292d2b,1
NL,a29ff6330fd63f49aebac7238b9dd8fd,5b42077b1ff0cb0e1b99ad700b02ae55,04d70c149ed112ec739549f92b941ac1,2012-01-01,,20300,T,,FALSE,,"[{""volgnr"": 1, ""brandstof"": ""Diesel""}]",,,,,83a3a7b3e2a8b5c4b8d05911d92c73e0,1
NL,fa0e8ff5963262767b68d36aeb91ce09,,fa0e8ff5963262767b68d36aeb91ce09,2012-01-01,,1500,M,,TRUE,,"[{""volgnr"": 1, ""brandstof"": ""Diesel""}]",,,,,a632bf65e65534b38b13935f2192cff5,1
NL,fa0e8ff5963262767b68d36aeb91ce09,,fa0e8ff5963262767b68d36aeb91ce09,2013-01-01,,1500,M,,TRUE,,"[{""volgnr"": 1, ""brandstof"": ""Benzine""}, {""volgnr"": 2, ""brandstof"": ""Elektriciteit""}, {""volgnr"": 3, ""brandstof"": ""LPG""}]",,,,,1fb47655b51f841a12caa1f82d92e1a2,1
NL,fa0e8ff5963262767b68d36aeb91ce09,,fa0e8ff5963262767b68d36aeb91ce09,2005-01-01,,1500,M,,FALSE,,"[{""volgnr"": 1, ""brandstof"": ""LPG""}, {""volgnr"": 2, ""brandstof"": ""Benzine""}]",,,,,94a7b382443a538f48e58e0fc6d3f277,1
NL,a29ff6330fd63f49aebac7238b9dd8fd,a3c6ac924dd999674b48c8c10ce05391,32a007c3cea025fd86785ac61678bf86,2013-01-01,,16000,T,,FALSE,,"[{""volgnr"": 1, ""brandstof"": ""Diesel""}]",,,,,bdd29d9b07a55b397dac4328505c9243,1
NL,250e8291dda446bb0d7c4e1236f9634d,,b88add571a5d3e2abe129a6d5a49e67b,2020-01-01,,1500,S,,FALSE,,"[{""volgnr"": 1, ""brandstof"": ""Elektriciteit""}]",,,,,a6162aaeefcd14727a76e1e58455799d,1
NL,a29ff6330fd63f49aebac7238b9dd8fd,,32a007c3cea025fd86785ac61678bf86,2012-01-01,,1500,N,,FALSE,,"[{""volgnr"": 1, ""brandstof"": ""Diesel""}]",,,,,5dd2bc55bdc83df93e3292213fe1e883,1
NL,fa0e8ff5963262767b68d36aeb91ce09,,fa0e8ff5963262767b68d36aeb91ce09,2014-01-01,,1500,M,,TRUE,,"[{""volgnr"": 1, ""brandstof"": ""CNG""}]",,,,,be80f90092176f7895b105fbad8c5897,1
NL,a29ff6330fd63f49aebac7238b9dd8fd,,32a007c3cea025fd86785ac61678bf86,2020-01-01,,1500,N,,FALSE,,"[{""volgnr"": 1, ""brandstof"": ""Diesel""}]",,,,,00b1cbe7f7a222c8d1d5db0a90f1fdce,1
NL,a29ff6330fd63f49aebac7238b9dd8fd,,32a007c3cea025fd86785ac61678bf86,2011-01-01,,1500,N,,FALSE,,"[{""volgnr"": 1, ""brandstof"": ""Diesel""}]",,,,,df214c6d7573c6613c0b1efff307e902,1
NL,a29ff6330fd63f49aebac7238b9dd8fd,,32a007c3cea025fd86785ac61678bf86,2013-01-01,,1500,L,,FALSE,,"[{""volgnr"": 1, ""brandstof"": ""Diesel""}]",,,,,cf952ed04b6fe4b477cd141f74d0bed6,1
NL,a29ff6330fd63f49aebac7238b9dd8fd,90689d934083b5940f0f1179d2098eeb,b415c02f63cb25a87222a348e7a179d1,2017-01-01,,19500,T,,FALSE,,"[{""volgnr"": 1, ""brandstof"": ""Diesel""}]",,,,,89a6a5383a1ccadcde08079d666c2883,1
NL,fa0e8ff5963262767b68d36aeb91ce09,,fa0e8ff5963262767b68d36aeb91ce09,2016-01-01,,1500,M,,TRUE,,"[{""volgnr"": 1, ""brandstof"": ""Benzine""}, {""volgnr"": 2, ""brandstof"": ""Elektriciteit""}]",,,,,afd601b819c5c9220ce26224b45d196b,1
NL,fa0e8ff5963262767b68d36aeb91ce09,,fa0e8ff5963262767b68d36aeb91ce09,2016-01-01,,1500,M,,FALSE,,"[{""volgnr"": 1, ""brandstof"": ""Elektriciteit""}, {""volgnr"": 2, ""brandstof"": ""Benzine""}]",,,,,afd601b819c5c9220ce26224b45d196b,1
NL,a29ff6330fd63f49aebac7238b9dd8fd,,32a007c3cea025fd86785ac61678bf86,2006-01-01,,1500,N,,FALSE,,"[{""volgnr"": 1, ""brandstof"": ""Diesel""}]",,,,,903bfc88cb7242c3a6dfa247a3b53e48,1
IT,,,,,,,M,,FALSE,,,,,,,,1
NL,250e8291dda446bb0d7c4e1236f9634d,,b88add571a5d3e2abe129a6d5a49e67b,2012-01-01,,1500,L,,FALSE,,"[{""volgnr"": 1, ""brandstof"": ""Benzine""}]",,,,,f3883caa68d76cf8442b4d81366c1e5f,1
NL,fa0e8ff5963262767b68d36aeb91ce09,,fa0e8ff5963262767b68d36aeb91ce09,2018-01-01,,1500,M,,FALSE,,"[{""volgnr"": 1, ""brandstof"": ""Elektriciteit""}]",,,,,bacb7c69ab711bc059789c1d5dc3e282,1
NL,fa0e8ff5963262767b68d36aeb91ce09,,fa0e8ff5963262767b68d36aeb91ce09,2015-01-01,,1500,M,,TRUE,,"[{""volgnr"": 1, ""brandstof"": ""Diesel""}]",,,,,ab5cabba031ad4dea7bcb7d4642fe825,1
NL,a29ff6330fd63f49aebac7238b9dd8fd,,a8024055ff1b55b2ce337ebb4b8b5465,2012-01-01,,1500,N,,FALSE,,"[{""volgnr"": 1, ""brandstof"": ""Diesel""}]",,,,,5dd2bc55bdc83df93e3292213fe1e883,1
NL,fa0e8ff5963262767b68d36aeb91ce09,,fa0e8ff5963262767b68d36aeb91ce09,2005-01-01,,1500,M,,FALSE,,"[{""volgnr"": 1, ""brandstof"": ""Benzine""}]",,,,,,1
NL,fa0e8ff5963262767b68d36aeb91ce09,,fa0e8ff5963262767b68d36aeb91ce09,2015-01-01,,1500,M,,FALSE,,"[{""volgnr"": 1, ""brandstof"": ""Diesel""}, {""volgnr"": 2, ""brandstof"": ""Elektriciteit""}]",,,,,8c78907bed0727bd6c3a35337c681667,1
NL,b920429cc3267eae82f7c4fec430abf8,,4d0a6feb5d057b41f2e0dacf763834fa,2014-01-01,,1500,C,,FALSE,,"[{""volgnr"": 1, ""brandstof"": ""Benzine""}]",,,,,6154de55400f77c11125079ee520aa8f,1
NL,fa0e8ff5963262767b68d36aeb91ce09,,fa0e8ff5963262767b68d36aeb91ce09,2011-01-01,,1500,M,,FALSE,,"[{""volgnr"": 1, ""brandstof"": ""Benzine""}]",,,,,2cfe9b188b4005230cfbedfb17292d2b,1
NL,a29ff6330fd63f49aebac7238b9dd8fd,,32a007c3cea025fd86785ac61678bf86,2019-01-01,,1500,N,,FALSE,,"[{""volgnr"": 1, ""brandstof"": ""Diesel""}]",,,,,78fd3c5ffcd153a3b89fb0cab68f95b1,1
NL,a29ff6330fd63f49aebac7238b9dd8fd,,32a007c3cea025fd86785ac61678bf86,2010-01-01,,1500,N,,FALSE,,"[{""volgnr"": 1, ""brandstof"": ""Diesel""}]",,,,,3647d1353143f1e157e965fb69cbafa3,1
NL,fa0e8ff5963262767b68d36aeb91ce09,,fa0e8ff5963262767b68d36aeb91ce09,2015-01-01,,1500,M,,TRUE,,"[{""volgnr"": 1, ""brandstof"": ""Benzine""}, {""volgnr"": 2, ""brandstof"": ""Elektriciteit""}]",,,,,313080aa46414e2bd9573e0c095b3be4,1
NL,a29ff6330fd63f49aebac7238b9dd8fd,9bd0e027d7e82b5a7b84bfc62033330e,a8024055ff1b55b2ce337ebb4b8b5465,2018-01-01,,11990,L,,FALSE,,"[{""volgnr"": 1, ""brandstof"": ""Diesel""}]",,,,,89a6a5383a1ccadcde08079d666c2883,1
NL,fa0e8ff5963262767b68d36aeb91ce09,,fa0e8ff5963262767b68d36aeb91ce09,2021-01-01,,1500,M,,FALSE,,"[{""volgnr"": 1, ""brandstof"": ""Benzine""}]",,,,,,1
NL,a29ff6330fd63f49aebac7238b9dd8fd,,32a007c3cea025fd86785ac61678bf86,2011-01-01,,1500,N,,FALSE,,"[{""volgnr"": 1, ""brandstof"": ""Diesel""}]",,,,,79cbf819a20b087643131a7b9d5b7c85,1
NL,fa0e8ff5963262767b68d36aeb91ce09,,fa0e8ff5963262767b68d36aeb91ce09,2012-01-01,,1500,M,,FALSE,,"[{""volgnr"": 1, ""brandstof"": ""Benzine""}, {""volgnr"": 2, ""brandstof"": ""Elektriciteit""}]",,,,,2cfe9b188b4005230cfbedfb17292d2b,1
NL,a29ff6330fd63f49aebac7238b9dd8fd,,32a007c3cea025fd86785ac61678bf86,2021-01-01,,1500,N,,FALSE,,"[{""volgnr"": 1, ""brandstof"": ""Diesel""}]",,,,,00b1cbe7f7a222c8d1d5db0a90f1fdce,1
NL,fa0e8ff5963262767b68d36aeb91ce09,,fa0e8ff5963262767b68d36aeb91ce09,2010-01-01,,1500,M,,FALSE,,"[{""volgnr"": 1, ""brandstof"": ""Diesel""}]",,,,,a632bf65e65534b38b13935f2192cff5,1
NL,a29ff6330fd63f49aebac7238b9dd8fd,,a1b8a26b20325e6292794331abb32f43,2021-01-01,,1500,N,,FALSE,,"[{""volgnr"": 1, ""brandstof"": ""Diesel""}]",,,,,958f46b0e5076a1c19396d8ed4803784,1
NL,a29ff6330fd63f49aebac7238b9dd8fd,,71eb65adcf08ddf261b9787f8af792ba,2016-01-01,,1500,N,,FALSE,,"[{""volgnr"": 1, ""brandstof"": ""Diesel""}]",,,,,5dd2bc55bdc83df93e3292213fe1e883,1
NL,250e8291dda446bb0d7c4e1236f9634d,,b88add571a5d3e2abe129a6d5a49e67b,2015-01-01,,1500,L,,FALSE,,"[{""volgnr"": 1, ""brandstof"": ""Benzine""}]",,,,,f3883caa68d76cf8442b4d81366c1e5f,1
NL,a29ff6330fd63f49aebac7238b9dd8fd,,32a007c3cea025fd86785ac61678bf86,2020-01-01,,1500,N,,FALSE,,"[{""volgnr"": 1, ""brandstof"": ""CNG""}]",,,,,a57e5cf27282581c292653b3d33f214e,1
NL,a29ff6330fd63f49aebac7238b9dd8fd,,32a007c3cea025fd86785ac61678bf86,2011-01-01,,1500,N,,FALSE,,"[{""volgnr"": 1, ""brandstof"": ""Diesel""}]",,,,,903bfc88cb7242c3a6dfa247a3b53e48,1
NL,fa0e8ff5963262767b68d36aeb91ce09,,fa0e8ff5963262767b68d36aeb91ce09,2007-01-01,,1500,M,,FALSE,,"[{""volgnr"": 1, ""brandstof"": ""CNG""}, {""volgnr"": 2, ""brandstof"": ""Benzine""}]",,,,,3719b138311da77d6f3395daaf3671f9,1
NL,6e4b38bfd57741ac1597c440a1c98074,90689d934083b5940f0f1179d2098eeb,d20f83ee6933aa1ea047fe5cbd9c1fd5,2009-01-01,,28745,R,,FALSE,,"[{""volgnr"": 1, ""brandstof"": ""Diesel""}]",,,,,74380be37803864cd0b947eb1e7d0012,1
NL,fa0e8ff5963262767b68d36aeb91ce09,,fa0e8ff5963262767b68d36aeb91ce09,2019-01-01,,1500,M,,FALSE,,"[{""volgnr"": 1, ""brandstof"": ""Elektriciteit""}, {""volgnr"": 2, ""brandstof"": ""Benzine""}]",,,,,313080aa46414e2bd9573e0c095b3be4,1
NL,a29ff6330fd63f49aebac7238b9dd8fd,5563bbe566e6cb8daeab62c1111c0793,a8024055ff1b55b2ce337ebb4b8b5465,2015-01-01,,28000,T,,FALSE,,"[{""volgnr"": 1, ""brandstof"": ""Diesel""}]",,,,,df8ecc6a986c04e71db846aaab8261f9,1
NL,fa0e8ff5963262767b68d36aeb91ce09,,fa0e8ff5963262767b68d36aeb91ce09,2017-01-01,,1500,M,,FALSE,,"[{""volgnr"": 1, ""brandstof"": ""Benzine""}]",,,,,313080aa46414e2bd9573e0c095b3be4,1
NL,b920429cc3267eae82f7c4fec430abf8,,4d0a6feb5d057b41f2e0dacf763834fa,2012-01-01,,1500,C,,FALSE,,"[{""volgnr"": 1, ""brandstof"": ""Benzine""}]",,,,,6154de55400f77c11125079ee520aa8f,1
NL,a29ff6330fd63f49aebac7238b9dd8fd,,32a007c3cea025fd86785ac61678bf86,2013-01-01,,1500,N,,FALSE,,"[{""volgnr"": 1, ""brandstof"": ""Diesel""}]",,,,,df214c6d7573c6613c0b1efff307e902,1
NL,fa0e8ff5963262767b68d36aeb91ce09,,fa0e8ff5963262767b68d36aeb91ce09,2006-01-01,,1500,M,,FALSE,,"[{""volgnr"": 1, ""brandstof"": ""Benzine""}]",,,,,9796b84e3ccacab0a72d778de2a674ba,1
NL,fa0e8ff5963262767b68d36aeb91ce09,,fa0e8ff5963262767b68d36aeb91ce09,2006-01-01,,1500,M,,FALSE,,"[{""volgnr"": 1, ""brandstof"": ""Diesel""}]",,,,,95065b709f21e3176fc177771083cd5e,1
NL,a29ff6330fd63f49aebac7238b9dd8fd,,d69dee07875cd797846515c2eaff7b1d,2011-01-01,,1500,N,,FALSE,,"[{""volgnr"": 1, ""brandstof"": ""LPG""}, {""volgnr"": 2, ""brandstof"": ""Benzine""}]",,,,,bcd902df9f1730b82fe363d193f3f4e5,1
NL,a29ff6330fd63f49aebac7238b9dd8fd,,08ff6996e9fdfe2486076ddb67dba783,2021-01-01,,1500,N,,FALSE,,"[{""volgnr"": 1, ""brandstof"": ""Diesel""}]",,,,,958f46b0e5076a1c19396d8ed4803784,1
NL,a29ff6330fd63f49aebac7238b9dd8fd,,86e4e9538b6d59b21bff62116f48271f,2018-01-01,,1500,N,,FALSE,,"[{""volgnr"": 1, ""brandstof"": ""Diesel""}]",,,,,78fd3c5ffcd153a3b89fb0cab68f95b1,1
NL,fa0e8ff5963262767b68d36aeb91ce09,,fa0e8ff5963262767b68d36aeb91ce09,2004-01-01,,1500,M,,FALSE,,"[{""volgnr"": 1, ""brandstof"": ""Benzine""}]",,,,,32e487204e64645f44be2467bc9cc636,1
NL,fa0e8ff5963262767b68d36aeb91ce09,,fa0e8ff5963262767b68d36aeb91ce09,2020-01-01,,1500,M,,FALSE,,"[{""volgnr"": 1, ""brandstof"": ""Benzine""}, {""volgnr"": 2, ""brandstof"": ""Elektriciteit""}]",,,,,313080aa46414e2bd9573e0c095b3be4,1
NL,250e8291dda446bb0d7c4e1236f9634d,b610314ae71d09ea7bab48ad8663efe7,b88add571a5d3e2abe129a6d5a49e67b,2021-01-01,,,L,,FALSE,,"[{""volgnr"": 1, ""brandstof"": ""Benzine""}]",,,,,80909b220f61fe50e8a0f9dae027143b,1
NL,6e4b38bfd57741ac1597c440a1c98074,996e8ce50025e8b1e8fa95fcb28c4e5a,d20f83ee6933aa1ea047fe5cbd9c1fd5,2016-01-01,,27990,R,,FALSE,,"[{""volgnr"": 1, ""brandstof"": ""Diesel""}]",,,,,334d65d9ef8869349995f5c3b45a680a,1
NL,fa0e8ff5963262767b68d36aeb91ce09,,fa0e8ff5963262767b68d36aeb91ce09,2017-01-01,,1500,M,,FALSE,,"[{""volgnr"": 1, ""brandstof"": ""Benzine""}, {""volgnr"": 2, ""brandstof"": ""LPG""}]",,,,,01adbc02bad1331bda7ed09922d02a4a,1
NL,fa0e8ff5963262767b68d36aeb91ce09,,fa0e8ff5963262767b68d36aeb91ce09,2021-01-01,,1500,M,,FALSE,,"[{""volgnr"": 1, ""brandstof"": ""Elektriciteit""}, {""volgnr"": 2, ""brandstof"": ""Benzine""}]",,,,,,1
NL,fa0e8ff5963262767b68d36aeb91ce09,,fa0e8ff5963262767b68d36aeb91ce09,2005-01-01,,1500,M,,FALSE,,"[{""volgnr"": 1, ""brandstof"": ""Diesel""}]",,,,,95065b709f21e3176fc177771083cd5e,1
NL,fa0e8ff5963262767b68d36aeb91ce09,,fa0e8ff5963262767b68d36aeb91ce09,2013-01-01,,1500,M,,FALSE,,"[{""volgnr"": 1, ""brandstof"": ""Diesel""}]",,,,,ab5cabba031ad4dea7bcb7d4642fe825,1
NL,a29ff6330fd63f49aebac7238b9dd8fd,5563bbe566e6cb8daeab62c1111c0793,71eb65adcf08ddf261b9787f8af792ba,2019-01-01,,7490,L,,FALSE,,"[{""volgnr"": 1, ""brandstof"": ""Diesel""}]",,,,,21e4f148bee57333015fdf0ceecfbb70,1
NL,a29ff6330fd63f49aebac7238b9dd8fd,,d69dee07875cd797846515c2eaff7b1d,2008-01-01,,1500,N,,FALSE,,"[{""volgnr"": 1, ""brandstof"": ""Diesel""}]",,,,,eabdfa9f1ec87a6e6f1041094ca4c99f,1
IT,,,,,,,M,,FALSE,,,,,,,,1
NL,fa0e8ff5963262767b68d36aeb91ce09,,fa0e8ff5963262767b68d36aeb91ce09,2019-01-01,,1500,M,,TRUE,,"[{""volgnr"": 1, ""brandstof"": ""Elektriciteit""}]",,,,,bacb7c69ab711bc059789c1d5dc3e282,1
NL,fa0e8ff5963262767b68d36aeb91ce09,,fa0e8ff5963262767b68d36aeb91ce09,2020-01-01,,1500,M,,FALSE,,"[{""volgnr"": 1, ""brandstof"": ""Diesel""}]",,,,,a020887472706a195f6675ce528d9965,1
NL,fa0e8ff5963262767b68d36aeb91ce09,,fa0e8ff5963262767b68d36aeb91ce09,2017-01-01,,1500,M,,FALSE,,"[{""volgnr"": 1, ""brandstof"": ""Benzine""}, {""volgnr"": 2, ""brandstof"": ""Elektriciteit""}]",,,,,313080aa46414e2bd9573e0c095b3be4,1
NL,250e8291dda446bb0d7c4e1236f9634d,8ee7fbc4e71ea8bcedf4cd9cd91b188d,b88add571a5d3e2abe129a6d5a49e67b,2017-01-01,,,L,1,FALSE,,"[{""volgnr"": 1, ""brandstof"": ""Elektriciteit""}]",,,,,94ab5617fd940feca6ba5f5e9cf60888,1
NL,fa0e8ff5963262767b68d36aeb91ce09,,fa0e8ff5963262767b68d36aeb91ce09,2007-01-01,,1500,M,,FALSE,,"[{""volgnr"": 1, ""brandstof"": ""Diesel""}]",,,,,3e4b6bb63e6871da80fb99c2334f2366,1
NL,a29ff6330fd63f49aebac7238b9dd8fd,,32a007c3cea025fd86785ac61678bf86,2018-01-01,,1500,N,,FALSE,,"[{""volgnr"": 1, ""brandstof"": ""Diesel""}]",,,,,78fd3c5ffcd153a3b89fb0cab68f95b1,1
NL,250e8291dda446bb0d7c4e1236f9634d,,b88add571a5d3e2abe129a6d5a49e67b,2019-01-01,,1500,L,,FALSE,,"[{""volgnr"": 1, ""brandstof"": ""Elektriciteit""}]",,,,,94ab5617fd940feca6ba5f5e9cf60888,1
NL,a29ff6330fd63f49aebac7238b9dd8fd,,32a007c3cea025fd86785ac61678bf86,2009-01-01,,1500,N,,FALSE,,"[{""volgnr"": 1, ""brandstof"": ""Diesel""}]",,,,,903bfc88cb7242c3a6dfa247a3b53e48,1
NL,,,,,,,M,,FALSE,,,,,,,,1
NL,a29ff6330fd63f49aebac7238b9dd8fd,,32a007c3cea025fd86785ac61678bf86,2019-01-01,,1500,N,,FALSE,,"[{""volgnr"": 1, ""brandstof"": ""Diesel""}]",,,,,3805f36c149f9f4c61348eb35ebac135,1
NL,a29ff6330fd63f49aebac7238b9dd8fd,,32a007c3cea025fd86785ac61678bf86,2013-01-01,,1500,N,,FALSE,,"[{""volgnr"": 1, ""brandstof"": ""Diesel""}]",,,,,4ce24b6368a29d34a39c495caadc6052,1
NL,b920429cc3267eae82f7c4fec430abf8,,4d0a6feb5d057b41f2e0dacf763834fa,2016-01-01,,1500,C,,FALSE,,"[{""volgnr"": 1, ""brandstof"": ""Benzine""}]",,,,,,1
NL,a29ff6330fd63f49aebac7238b9dd8fd,,32a007c3cea025fd86785ac61678bf86,2012-01-01,,1500,N,,FALSE,,"[{""volgnr"": 1, ""brandstof"": ""Diesel""}]",,,,,4ce24b6368a29d34a39c495caadc6052,1
NL,fa0e8ff5963262767b68d36aeb91ce09,,fa0e8ff5963262767b68d36aeb91ce09,2002-01-01,,1500,M,,FALSE,,"[{""volgnr"": 1, ""brandstof"": ""Benzine""}]",,,,,9796b84e3ccacab0a72d778de2a674ba,1
NL,250e8291dda446bb0d7c4e1236f9634d,,b88add571a5d3e2abe129a6d5a49e67b,2011-01-01,,1500,L,,FALSE,,"[{""volgnr"": 1, ""brandstof"": ""Benzine""}]",,,,,f3883caa68d76cf8442b4d81366c1e5f,1
NL,a29ff6330fd63f49aebac7238b9dd8fd,,32a007c3cea025fd86785ac61678bf86,2011-01-01,,1500,N,,FALSE,,"[{""volgnr"": 1, ""brandstof"": ""Diesel""}]",,,,,5dd2bc55bdc83df93e3292213fe1e883,1
NL,fa0e8ff5963262767b68d36aeb91ce09,,fa0e8ff5963262767b68d36aeb91ce09,2000-01-01,,1500,M,,FALSE,,"[{""volgnr"": 1, ""brandstof"": ""Benzine""}]",,,,,1b3284c0525be8250c32be9cf99977d5,1
NL,fa0e8ff5963262767b68d36aeb91ce09,,fa0e8ff5963262767b68d36aeb91ce09,2013-01-01,,1500,M,,TRUE,,"[{""volgnr"": 1, ""brandstof"": ""Diesel""}, {""volgnr"": 2, ""brandstof"": ""Elektriciteit""}]",,,,,a632bf65e65534b38b13935f2192cff5,1
NL,a29ff6330fd63f49aebac7238b9dd8fd,,08ff6996e9fdfe2486076ddb67dba783,2016-01-01,,1500,N,,FALSE,,"[{""volgnr"": 1, ""brandstof"": ""Diesel""}]",,,,,5dd2bc55bdc83df93e3292213fe1e883,1
NL,a29ff6330fd63f49aebac7238b9dd8fd,cb2a883580c7f4077bfb44ec0c1a5847,67593af54bdb18344f997fad179417af,2018-01-01,,20500,T,,FALSE,,"[{""volgnr"": 1, ""brandstof"": ""Diesel""}]",,,,,3bf221a61a0cc385e08b723e5509d3ef,1
NL,fa0e8ff5963262767b68d36aeb91ce09,,fa0e8ff5963262767b68d36aeb91ce09,2008-01-01,,1500,M,,FALSE,,"[{""volgnr"": 1, ""brandstof"": ""Diesel""}]",,,,,3e4b6bb63e6871da80fb99c2334f2366,1
NL,a29ff6330fd63f49aebac7238b9dd8fd,,428c788bcfdd1f8b8d543547af595832,2021-01-01,,1500,N,,FALSE,,"[{""volgnr"": 1, ""brandstof"": ""Diesel""}]",,,,,958f46b0e5076a1c19396d8ed4803784,1
NL,a29ff6330fd63f49aebac7238b9dd8fd,,32a007c3cea025fd86785ac61678bf86,2002-01-01,,1500,N,,FALSE,,"[{""volgnr"": 1, ""brandstof"": ""Diesel""}]",,,,,30a6476b293b28ce12f41e6a12391a36,1
NL,fa0e8ff5963262767b68d36aeb91ce09,,fa0e8ff5963262767b68d36aeb91ce09,2015-01-01,,1500,M,,FALSE,,"[{""volgnr"": 1, ""brandstof"": ""Elektriciteit""}, {""volgnr"": 2, ""brandstof"": ""Benzine""}]",,,,,313080aa46414e2bd9573e0c095b3be4,1
NL,fa0e8ff5963262767b68d36aeb91ce09,,fa0e8ff5963262767b68d36aeb91ce09,2009-01-01,,1500,M,,FALSE,,"[{""volgnr"": 1, ""brandstof"": ""Benzine""}]",,,,,313080aa46414e2bd9573e0c095b3be4,1
NL,fa0e8ff5963262767b68d36aeb91ce09,,fa0e8ff5963262767b68d36aeb91ce09,2016-01-01,,1500,M,,TRUE,,"[{""volgnr"": 1, ""brandstof"": ""Elektriciteit""}, {""volgnr"": 2, ""brandstof"": ""Benzine""}]",,,,,313080aa46414e2bd9573e0c095b3be4,1
NL,fa0e8ff5963262767b68d36aeb91ce09,,fa0e8ff5963262767b68d36aeb91ce09,2021-01-01,,1500,M,,FALSE,,"[{""volgnr"": 1, ""brandstof"": ""Benzine""}, {""volgnr"": 2, ""brandstof"": ""Elektriciteit""}]",,,,,313080aa46414e2bd9573e0c095b3be4,1
IT,,,,,,,M,,FALSE,,,,,,,,1
NL,fa0e8ff5963262767b68d36aeb91ce09,90689d934083b5940f0f1179d2098eeb,fa0e8ff5963262767b68d36aeb91ce09,2016-01-01,,3880,M,,FALSE,,"[{""volgnr"": 1, ""brandstof"": ""Diesel""}]",,,,,ab5cabba031ad4dea7bcb7d4642fe825,1
NL,250e8291dda446bb0d7c4e1236f9634d,,b88add571a5d3e2abe129a6d5a49e67b,2017-01-01,,1500,L,,FALSE,,"[{""volgnr"": 1, ""brandstof"": ""Benzine""}]",,,,,f3883caa68d76cf8442b4d81366c1e5f,1
NL,b920429cc3267eae82f7c4fec430abf8,,4d0a6feb5d057b41f2e0dacf763834fa,2008-01-01,,1500,C,,FALSE,,"[{""volgnr"": 1, ""brandstof"": ""Benzine""}]",,,,,e85f7a0b250b6f19d30aa976f5a3ce6d,1
NL,fa0e8ff5963262767b68d36aeb91ce09,,fa0e8ff5963262767b68d36aeb91ce09,2000-01-01,,1500,M,,FALSE,,"[{""volgnr"": 1, ""brandstof"": ""Benzine""}, {""volgnr"": 2, ""brandstof"": ""LPG""}]",,,,,f5535a5caee41673c00a0a56a4cd4d93,1
NL,fa0e8ff5963262767b68d36aeb91ce09,,fa0e8ff5963262767b68d36aeb91ce09,2012-01-01,,1500,M,,FALSE,,"[{""volgnr"": 1, ""brandstof"": ""Benzine""}]",,,,,313080aa46414e2bd9573e0c095b3be4,1
BE,,,,,,,M,,FALSE,,,,,,,,1
NL,fa0e8ff5963262767b68d36aeb91ce09,,fa0e8ff5963262767b68d36aeb91ce09,2015-01-01,,1500,M,,FALSE,,"[{""volgnr"": 1, ""brandstof"": ""Diesel""}]",,,,,a632bf65e65534b38b13935f2192cff5,1
NL,fa0e8ff5963262767b68d36aeb91ce09,,fa0e8ff5963262767b68d36aeb91ce09,2020-01-01,,1500,M,,FALSE,,"[{""volgnr"": 1, ""brandstof"": ""Benzine""}, {""volgnr"": 2, ""brandstof"": ""Elektriciteit""}]",,,,,,1
NL,fa0e8ff5963262767b68d36aeb91ce09,,fa0e8ff5963262767b68d36aeb91ce09,2009-01-01,,1500,M,,FALSE,,"[{""volgnr"": 1, ""brandstof"": ""Benzine""}]",,,,,32e487204e64645f44be2467bc9cc636,1
NL,fa0e8ff5963262767b68d36aeb91ce09,,fa0e8ff5963262767b68d36aeb91ce09,2021-01-01,,1500,M,,FALSE,,"[{""volgnr"": 1, ""brandstof"": ""Elektriciteit""}]",,,,,bacb7c69ab711bc059789c1d5dc3e282,1
NL,a29ff6330fd63f49aebac7238b9dd8fd,,71eb65adcf08ddf261b9787f8af792ba,2021-01-01,,1500,N,,FALSE,,"[{""volgnr"": 1, ""brandstof"": ""Diesel""}]",,,,,958f46b0e5076a1c19396d8ed4803784,1
NL,a29ff6330fd63f49aebac7238b9dd8fd,,27539b14c614a5a82324a2483645b228,2008-01-01,,1500,N,,FALSE,,"[{""volgnr"": 1, ""brandstof"": ""Diesel""}]",,,,,eabdfa9f1ec87a6e6f1041094ca4c99f,1
NL,a29ff6330fd63f49aebac7238b9dd8fd,,32a007c3cea025fd86785ac61678bf86,2017-01-01,,1500,N,,FALSE,,"[{""volgnr"": 1, ""brandstof"": ""Diesel""}]",,,,,78fd3c5ffcd153a3b89fb0cab68f95b1,1
NL,fa0e8ff5963262767b68d36aeb91ce09,,fa0e8ff5963262767b68d36aeb91ce09,2019-01-01,,1500,M,,FALSE,,"[{""volgnr"": 1, ""brandstof"": ""Diesel""}]",,,,,a020887472706a195f6675ce528d9965,1
NL,fa0e8ff5963262767b68d36aeb91ce09,,fa0e8ff5963262767b68d36aeb91ce09,2010-01-01,,1500,M,,FALSE,,"[{""volgnr"": 1, ""brandstof"": ""Diesel""}]",,,,,95065b709f21e3176fc177771083cd5e,1
NL,fa0e8ff5963262767b68d36aeb91ce09,,fa0e8ff5963262767b68d36aeb91ce09,2019-01-01,,1500,M,,FALSE,,"[{""volgnr"": 1, ""brandstof"": ""Elektriciteit""}, {""volgnr"": 2, ""brandstof"": ""Waterstof""}]",,,,,5839d97633d5dce2ffafe32b65072217,1
NL,fa0e8ff5963262767b68d36aeb91ce09,,fa0e8ff5963262767b68d36aeb91ce09,2011-01-01,,1500,M,,TRUE,,"[{""volgnr"": 1, ""brandstof"": ""Diesel""}]",,,,,a632bf65e65534b38b13935f2192cff5,1
NL,fa0e8ff5963262767b68d36aeb91ce09,,fa0e8ff5963262767b68d36aeb91ce09,2016-01-01,,1500,M,,TRUE,,"[{""volgnr"": 1, ""brandstof"": ""Diesel""}]",,,,,,1
NL,fa0e8ff5963262767b68d36aeb91ce09,,fa0e8ff5963262767b68d36aeb91ce09,2013-01-01,,1500,M,,FALSE,,"[{""volgnr"": 1, ""brandstof"": ""Benzine""}, {""volgnr"": 2, ""brandstof"": ""Elektriciteit""}, {""volgnr"": 3, ""brandstof"": ""LPG""}]",,,,,1fb47655b51f841a12caa1f82d92e1a2,1
NL,a29ff6330fd63f49aebac7238b9dd8fd,a3c6ac924dd999674b48c8c10ce05391,67593af54bdb18344f997fad179417af,2017-01-01,,19000,T,,FALSE,,"[{""volgnr"": 1, ""brandstof"": ""Diesel""}]",,,,,2fdd607150f87ba668a75b963bc342e5,1
NL,a29ff6330fd63f49aebac7238b9dd8fd,,32a007c3cea025fd86785ac61678bf86,2015-01-01,,1500,N,,FALSE,,"[{""volgnr"": 1, ""brandstof"": ""Benzine""}]",,,,,5a0562b2bbac60fc4fe9a4cbfbc6d8fa,1
NL,250e8291dda446bb0d7c4e1236f9634d,,b88add571a5d3e2abe129a6d5a49e67b,2014-01-01,,1500,S,,FALSE,,"[{""volgnr"": 1, ""brandstof"": ""Diesel""}]",,,,,20e89e62afbc9500fc3862dbd993f139,1
NL,fa0e8ff5963262767b68d36aeb91ce09,,fa0e8ff5963262767b68d36aeb91ce09,2007-01-01,,1500,M,,FALSE,,"[{""volgnr"": 1, ""brandstof"": ""Benzine""}, {""volgnr"": 2, ""brandstof"": ""Elektriciteit""}]",,,,,32e487204e64645f44be2467bc9cc636,1
NL,a29ff6330fd63f49aebac7238b9dd8fd,,32a007c3cea025fd86785ac61678bf86,2013-01-01,,1500,N,,FALSE,,"[{""volgnr"": 1, ""brandstof"": ""Diesel""}]",,,,,78fd3c5ffcd153a3b89fb0cab68f95b1,1
NL,a29ff6330fd63f49aebac7238b9dd8fd,,9bb6bb8697da8dcb9b0d8eb3cdcf8e48,2019-01-01,,1500,N,,FALSE,,"[{""volgnr"": 1, ""brandstof"": ""Diesel""}]",,,,,78fd3c5ffcd153a3b89fb0cab68f95b1,1
NL,a29ff6330fd63f49aebac7238b9dd8fd,,32a007c3cea025fd86785ac61678bf86,2016-01-01,,1500,N,,FALSE,,"[{""volgnr"": 1, ""brandstof"": ""Diesel""}]",,,,,5dd2bc55bdc83df93e3292213fe1e883,1
NL,fa0e8ff5963262767b68d36aeb91ce09,,fa0e8ff5963262767b68d36aeb91ce09,2005-01-01,,1500,M,,FALSE,,"[{""volgnr"": 1, ""brandstof"": ""Benzine""}, {""volgnr"": 2, ""brandstof"": ""Elektriciteit""}]",,,,,32e487204e64645f44be2467bc9cc636,1
NL,fa0e8ff5963262767b68d36aeb91ce09,,fa0e8ff5963262767b68d36aeb91ce09,2009-01-01,,1500,M,,FALSE,,"[{""volgnr"": 1, ""brandstof"": ""Diesel""}]",,,,,ab5cabba031ad4dea7bcb7d4642fe825,1
NL,a29ff6330fd63f49aebac7238b9dd8fd,,32a007c3cea025fd86785ac61678bf86,2006-01-01,,1500,N,,FALSE,,"[{""volgnr"": 1, ""brandstof"": ""Diesel""}]",,,,,eabdfa9f1ec87a6e6f1041094ca4c99f,1
NL,fa0e8ff5963262767b68d36aeb91ce09,,fa0e8ff5963262767b68d36aeb91ce09,2009-01-01,,1500,M,,FALSE,,"[{""volgnr"": 1, ""brandstof"": ""Diesel""}]",,,,,3e4b6bb63e6871da80fb99c2334f2366,1
NL,fa0e8ff5963262767b68d36aeb91ce09,,fa0e8ff5963262767b68d36aeb91ce09,2014-01-01,,1500,M,,FALSE,,"[{""volgnr"": 1, ""brandstof"": ""Benzine""}]",,,,,313080aa46414e2bd9573e0c095b3be4,1
NL,a29ff6330fd63f49aebac7238b9dd8fd,,86e4e9538b6d59b21bff62116f48271f,2018-01-01,,1500,N,,FALSE,,"[{""volgnr"": 1, ""brandstof"": ""Benzine""}, {""volgnr"": 2, ""brandstof"": ""LPG""}]",,,,,934f1e4d55c41097438d5bf613ad168c,1
NL,fa0e8ff5963262767b68d36aeb91ce09,,fa0e8ff5963262767b68d36aeb91ce09,2010-01-01,,1500,M,,TRUE,,"[{""volgnr"": 1, ""brandstof"": ""Diesel""}]",,,,,a632bf65e65534b38b13935f2192cff5,1
NL,b920429cc3267eae82f7c4fec430abf8,,4d0a6feb5d057b41f2e0dacf763834fa,2010-01-01,,1500,C,,FALSE,,"[{""volgnr"": 1, ""brandstof"": ""Benzine""}]",,,,,e85f7a0b250b6f19d30aa976f5a3ce6d,1
NL,fa0e8ff5963262767b68d36aeb91ce09,,fa0e8ff5963262767b68d36aeb91ce09,2020-01-01,,1500,M,,FALSE,,"[{""volgnr"": 1, ""brandstof"": ""Elektriciteit""}]",,,,,bacb7c69ab711bc059789c1d5dc3e282,1
NL,a29ff6330fd63f49aebac7238b9dd8fd,,32a007c3cea025fd86785ac61678bf86,2014-01-01,,1500,N,,FALSE,,"[{""volgnr"": 1, ""brandstof"": ""Diesel""}]",,,,,df214c6d7573c6613c0b1efff307e902,1
NL,fa0e8ff5963262767b68d36aeb91ce09,,fa0e8ff5963262767b68d36aeb91ce09,1993-01-01,,1500,M,,FALSE,,"[{""volgnr"": 1, ""brandstof"": ""Benzine""}]",,,,,9bfe925250d675d4017ce60eab62b3ce,1
NL,fa0e8ff5963262767b68d36aeb91ce09,,fa0e8ff5963262767b68d36aeb91ce09,2005-01-01,,1500,M,,FALSE,,"[{""volgnr"": 1, ""brandstof"": ""Diesel""}]",,,,,3e4b6bb63e6871da80fb99c2334f2366,1
NL,6e4b38bfd57741ac1597c440a1c98074,14f791812105f4d2d589de8121e1aa32,d20f83ee6933aa1ea047fe5cbd9c1fd5,2020-01-01,,5500,R,,FALSE,,"[{""volgnr"": 1, ""brandstof"": ""Diesel""}]",,,,,7fad7a61431c640125b31dbf7104297f,1
NL,a29ff6330fd63f49aebac7238b9dd8fd,,32a007c3cea025fd86785ac61678bf86,2014-01-01,,1500,N,,FALSE,,"[{""volgnr"": 1, ""brandstof"": ""Diesel""}]",,,,,78fd3c5ffcd153a3b89fb0cab68f95b1,1
NL,a29ff6330fd63f49aebac7238b9dd8fd,,32a007c3cea025fd86785ac61678bf86,2013-01-01,,1500,N,,FALSE,,"[{""volgnr"": 1, ""brandstof"": ""Elektriciteit""}]",,,,,db6afb025be0642453da999116a854ca,1
NL,a29ff6330fd63f49aebac7238b9dd8fd,,32a007c3cea025fd86785ac61678bf86,2015-01-01,,1500,N,,FALSE,,"[{""volgnr"": 1, ""brandstof"": ""Diesel""}]",,,,,fb22a50c3e5e5b1e4a904da4406932b9,1
NL,a29ff6330fd63f49aebac7238b9dd8fd,,71eb65adcf08ddf261b9787f8af792ba,2016-01-01,,1500,N,,FALSE,,"[{""volgnr"": 1, ""brandstof"": ""Diesel""}]",,,,,78fd3c5ffcd153a3b89fb0cab68f95b1,1
NL,fa0e8ff5963262767b68d36aeb91ce09,,fa0e8ff5963262767b68d36aeb91ce09,2021-01-01,,1500,M,,FALSE,,"[{""volgnr"": 1, ""brandstof"": ""Elektriciteit""}, {""volgnr"": 2, ""brandstof"": ""Benzine""}]",,,,,afd601b819c5c9220ce26224b45d196b,1
NL,fa0e8ff5963262767b68d36aeb91ce09,,fa0e8ff5963262767b68d36aeb91ce09,2009-01-01,,1500,M,,FALSE,,"[{""volgnr"": 1, ""brandstof"": ""Diesel""}]",,,,,95065b709f21e3176fc177771083cd5e,1
NL,250e8291dda446bb0d7c4e1236f9634d,,b88add571a5d3e2abe129a6d5a49e67b,2014-01-01,,1500,L,,FALSE,,"[{""volgnr"": 1, ""brandstof"": ""Benzine""}]",,,,,f3883caa68d76cf8442b4d81366c1e5f,1
NL,a29ff6330fd63f49aebac7238b9dd8fd,,32a007c3cea025fd86785ac61678bf86,2021-01-01,,1500,N,,FALSE,,"[{""volgnr"": 1, ""brandstof"": ""Benzine""}]",,,,,9e64d207edd15660a03f1abb9cae18e9,1
NL,fa0e8ff5963262767b68d36aeb91ce09,,fa0e8ff5963262767b68d36aeb91ce09,2021-01-01,,1500,M,,FALSE,,"[{""volgnr"": 1, ""brandstof"": ""Benzine""}]",,,,,313080aa46414e2bd9573e0c095b3be4,1
NL,a29ff6330fd63f49aebac7238b9dd8fd,,32a007c3cea025fd86785ac61678bf86,2018-01-01,,1500,N,,FALSE,,"[{""volgnr"": 1, ""brandstof"": ""CNG""}]",,,,,a57e5cf27282581c292653b3d33f214e,1
NL,fa0e8ff5963262767b68d36aeb91ce09,,fa0e8ff5963262767b68d36aeb91ce09,2008-01-01,,1500,M,,FALSE,,"[{""volgnr"": 1, ""brandstof"": ""Benzine""}, {""volgnr"": 2, ""brandstof"": ""Elektriciteit""}]",,,,,32e487204e64645f44be2467bc9cc636,1
NL,a29ff6330fd63f49aebac7238b9dd8fd,,32a007c3cea025fd86785ac61678bf86,2020-01-01,,1500,N,,FALSE,,"[{""volgnr"": 1, ""brandstof"": ""Diesel""}]",,,,,78fd3c5ffcd153a3b89fb0cab68f95b1,1
NL,a29ff6330fd63f49aebac7238b9dd8fd,,a8024055ff1b55b2ce337ebb4b8b5465,2015-01-01,,1500,N,,FALSE,,"[{""volgnr"": 1, ""brandstof"": ""Diesel""}]",,,,,78fd3c5ffcd153a3b89fb0cab68f95b1,1
NL,250e8291dda446bb0d7c4e1236f9634d,e6591ee466b87c2168e49b44135d1716,b88add571a5d3e2abe129a6d5a49e67b,2018-01-01,,,L,,FALSE,,"[{""volgnr"": 1, ""brandstof"": ""Benzine""}]",,,,,f3883caa68d76cf8442b4d81366c1e5f,1
NL,fa0e8ff5963262767b68d36aeb91ce09,,fa0e8ff5963262767b68d36aeb91ce09,2019-01-01,,1500,M,,FALSE,,"[{""volgnr"": 1, ""brandstof"": ""Diesel""}]",,,,,ab5cabba031ad4dea7bcb7d4642fe825,1
NL,fa0e8ff5963262767b68d36aeb91ce09,,fa0e8ff5963262767b68d36aeb91ce09,2016-01-01,,1500,M,,TRUE,,"[{""volgnr"": 1, ""brandstof"": ""Diesel""}]",,,,,ab5cabba031ad4dea7bcb7d4642fe825,1
NL,a29ff6330fd63f49aebac7238b9dd8fd,,32a007c3cea025fd86785ac61678bf86,2007-01-01,,1500,N,,FALSE,,"[{""volgnr"": 1, ""brandstof"": ""Diesel""}]",,,,,eabdfa9f1ec87a6e6f1041094ca4c99f,1
NL,fa0e8ff5963262767b68d36aeb91ce09,,fa0e8ff5963262767b68d36aeb91ce09,2013-01-01,,1500,M,,TRUE,,"[{""volgnr"": 1, ""brandstof"": ""Benzine""}, {""volgnr"": 2, ""brandstof"": ""Elektriciteit""}]",,,,,313080aa46414e2bd9573e0c095b3be4,1
NL,a29ff6330fd63f49aebac7238b9dd8fd,,32a007c3cea025fd86785ac61678bf86,2009-01-01,,1500,N,,FALSE,,"[{""volgnr"": 1, ""brandstof"": ""Diesel""}]",,,,,eabdfa9f1ec87a6e6f1041094ca4c99f,1
NL,fa0e8ff5963262767b68d36aeb91ce09,,fa0e8ff5963262767b68d36aeb91ce09,2013-01-01,,1500,M,,TRUE,,"[{""volgnr"": 1, ""brandstof"": ""Diesel""}]",,,,,a632bf65e65534b38b13935f2192cff5,1
NL,a29ff6330fd63f49aebac7238b9dd8fd,,86e4e9538b6d59b21bff62116f48271f,2020-01-01,,1500,N,,FALSE,,"[{""volgnr"": 1, ""brandstof"": ""Benzine""}, {""volgnr"": 2, ""brandstof"": ""LPG""}]",,,,,934f1e4d55c41097438d5bf613ad168c,1
NL,fa0e8ff5963262767b68d36aeb91ce09,90689d934083b5940f0f1179d2098eeb,fa0e8ff5963262767b68d36aeb91ce09,2020-01-01,,4100,M,,FALSE,,"[{""volgnr"": 1, ""brandstof"": ""Diesel""}]",,,,,a020887472706a195f6675ce528d9965,1
NL,a29ff6330fd63f49aebac7238b9dd8fd,9bd0e027d7e82b5a7b84bfc62033330e,04d70c149ed112ec739549f92b941ac1,2012-01-01,,26500,T,,FALSE,,"[{""volgnr"": 1, ""brandstof"": ""Diesel""}]",,,,,7a3d14b08b3152502c3ea6cadef51878,1
NL,fa0e8ff5963262767b68d36aeb91ce09,,fa0e8ff5963262767b68d36aeb91ce09,2004-01-01,,1500,M,,FALSE,,"[{""volgnr"": 1, ""brandstof"": ""Benzine""}, {""volgnr"": 2, ""brandstof"": ""LPG""}]",,,,,f5535a5caee41673c00a0a56a4cd4d93,1
NL,b920429cc3267eae82f7c4fec430abf8,,4d0a6feb5d057b41f2e0dacf763834fa,2011-01-01,,1500,C,,FALSE,,"[{""volgnr"": 1, ""brandstof"": ""Benzine""}]",,,,,6154de55400f77c11125079ee520aa8f,1
NL,a29ff6330fd63f49aebac7238b9dd8fd,1d78a896187fde2d9238a25c5bfd81e7,71eb65adcf08ddf261b9787f8af792ba,2019-01-01,,37000,T,,FALSE,,"[{""volgnr"": 1, ""brandstof"": ""Diesel""}]",,,,,df8ecc6a986c04e71db846aaab8261f9,1
NL,a29ff6330fd63f49aebac7238b9dd8fd,,86e4e9538b6d59b21bff62116f48271f,2019-01-01,,1500,N,,FALSE,,"[{""volgnr"": 1, ""brandstof"": ""Elektriciteit""}]",,,,,db6afb025be0642453da999116a854ca,1
NL,fa0e8ff5963262767b68d36aeb91ce09,,fa0e8ff5963262767b68d36aeb91ce09,2010-01-01,,1500,M,,FALSE,,"[{""volgnr"": 1, ""brandstof"": ""Benzine""}]",,,,,32e487204e64645f44be2467bc9cc636,1
NL,fa0e8ff5963262767b68d36aeb91ce09,,fa0e8ff5963262767b68d36aeb91ce09,2018-01-01,,1500,M,,FALSE,,"[{""volgnr"": 1, ""brandstof"": ""Benzine""}, {""volgnr"": 2, ""brandstof"": ""Elektriciteit""}]",,,,,313080aa46414e2bd9573e0c095b3be4,1
NL,b920429cc3267eae82f7c4fec430abf8,,4d0a6feb5d057b41f2e0dacf763834fa,2002-01-01,,1500,C,,FALSE,,"[{""volgnr"": 1, ""brandstof"": ""Benzine""}]",,,,,93a3c82e2e4e0a03e85e3fd84fb2d093,1
NL,b920429cc3267eae82f7c4fec430abf8,,4d0a6feb5d057b41f2e0dacf763834fa,2017-01-01,,1500,C,,FALSE,,"[{""volgnr"": 1, ""brandstof"": ""Benzine""}]",,,,,fddff45fd0a0676f140ecc0406c34b1a,1
NL,a29ff6330fd63f49aebac7238b9dd8fd,a3c6ac924dd999674b48c8c10ce05391,32a007c3cea025fd86785ac61678bf86,2012-01-01,,11990,L,,FALSE,,"[{""volgnr"": 1, ""brandstof"": ""Diesel""}]",,,,,bdd29d9b07a55b397dac4328505c9243,1
NL,fa0e8ff5963262767b68d36aeb91ce09,,fa0e8ff5963262767b68d36aeb91ce09,2015-01-01,,1500,M,,FALSE,,"[{""volgnr"": 1, ""brandstof"": ""Benzine""}, {""volgnr"": 2, ""brandstof"": ""Elektriciteit""}]",,,,,313080aa46414e2bd9573e0c095b3be4,1
NL,a29ff6330fd63f49aebac7238b9dd8fd,,32a007c3cea025fd86785ac61678bf86,2008-01-01,,1500,N,,FALSE,,"[{""volgnr"": 1, ""brandstof"": ""Diesel""}]",,,,,3647d1353143f1e157e965fb69cbafa3,1
NL,a29ff6330fd63f49aebac7238b9dd8fd,,50a4dd16e7f89825d6d8b92e6539ca9d,2021-01-01,,1500,N,,FALSE,,"[{""volgnr"": 1, ""brandstof"": ""Diesel""}]",,,,,958f46b0e5076a1c19396d8ed4803784,1
NL,b920429cc3267eae82f7c4fec430abf8,,4d0a6feb5d057b41f2e0dacf763834fa,2011-01-01,,1500,C,,FALSE,,"[{""volgnr"": 1, ""brandstof"": ""Benzine""}]",,,,,e85f7a0b250b6f19d30aa976f5a3ce6d,1
NL,a29ff6330fd63f49aebac7238b9dd8fd,9bd0e027d7e82b5a7b84bfc62033330e,27539b14c614a5a82324a2483645b228,2011-01-01,,18600,T,,FALSE,,"[{""volgnr"": 1, ""brandstof"": ""Diesel""}]",,,,,e7c4fd3339a00e7b7711f9cae8174386,1
NL,fa0e8ff5963262767b68d36aeb91ce09,,fa0e8ff5963262767b68d36aeb91ce09,2004-01-01,,1500,M,,FALSE,,"[{""volgnr"": 1, ""brandstof"": ""Benzine""}]",,,,,9796b84e3ccacab0a72d778de2a674ba,1
NL,fa0e8ff5963262767b68d36aeb91ce09,,fa0e8ff5963262767b68d36aeb91ce09,2021-01-01,,1500,M,,FALSE,,"[{""volgnr"": 1, ""brandstof"": ""Elektriciteit""}, {""volgnr"": 2, ""brandstof"": ""Benzine""}]",,,,,313080aa46414e2bd9573e0c095b3be4,1
NL,6e4b38bfd57741ac1597c440a1c98074,996e8ce50025e8b1e8fa95fcb28c4e5a,d20f83ee6933aa1ea047fe5cbd9c1fd5,2014-01-01,,28430,R,,FALSE,,"[{""volgnr"": 1, ""brandstof"": ""Diesel""}]",,,,,334d65d9ef8869349995f5c3b45a680a,1
GB,,,,,,,M,,FALSE,,,,,,,,1
NL,a29ff6330fd63f49aebac7238b9dd8fd,,32a007c3cea025fd86785ac61678bf86,2021-01-01,,1500,N,,FALSE,,"[{""volgnr"": 1, ""brandstof"": ""Elektriciteit""}]",,,,,db6afb025be0642453da999116a854ca,1
NL,a29ff6330fd63f49aebac7238b9dd8fd,,a8024055ff1b55b2ce337ebb4b8b5465,2016-01-01,,1500,N,,FALSE,,"[{""volgnr"": 1, ""brandstof"": ""Diesel""}]",,,,,78fd3c5ffcd153a3b89fb0cab68f95b1,1
NL,fa0e8ff5963262767b68d36aeb91ce09,,fa0e8ff5963262767b68d36aeb91ce09,2008-01-01,,1500,M,,FALSE,,"[{""volgnr"": 1, ""brandstof"": ""Benzine""}]",,,,,32e487204e64645f44be2467bc9cc636,1
NL,a29ff6330fd63f49aebac7238b9dd8fd,9bd0e027d7e82b5a7b84bfc62033330e,8f9077777fa5a1628575892122480a06,2020-01-01,,16000,T,,FALSE,,"[{""volgnr"": 1, ""brandstof"": ""Diesel""}]",,,,,89a6a5383a1ccadcde08079d666c2883,1
NL,a29ff6330fd63f49aebac7238b9dd8fd,1d78a896187fde2d9238a25c5bfd81e7,67593af54bdb18344f997fad179417af,2017-01-01,,19000,T,,FALSE,,"[{""volgnr"": 1, ""brandstof"": ""Diesel""}]",,,,,2fdd607150f87ba668a75b963bc342e5,1
NL,a29ff6330fd63f49aebac7238b9dd8fd,,32a007c3cea025fd86785ac61678bf86,2009-01-01,,1500,N,,FALSE,,"[{""volgnr"": 1, ""brandstof"": ""Diesel""}]",,,,,b6ab9f5ef3e4246a9ff1a8eef4f8f4d2,1
NL,fa0e8ff5963262767b68d36aeb91ce09,,fa0e8ff5963262767b68d36aeb91ce09,2013-01-01,,1500,M,,TRUE,,"[{""volgnr"": 1, ""brandstof"": ""CNG""}, {""volgnr"": 2, ""brandstof"": ""Benzine""}]",,,,,9a9712d4eb330f5d694e3114056e3896,1
NL,a29ff6330fd63f49aebac7238b9dd8fd,9bd0e027d7e82b5a7b84bfc62033330e,ed08678800235deb8acc718f04ae9030,2019-01-01,,28000,T,,FALSE,,"[{""volgnr"": 1, ""brandstof"": ""Diesel""}]",,,,,df8ecc6a986c04e71db846aaab8261f9,1
NL,a29ff6330fd63f49aebac7238b9dd8fd,,a8024055ff1b55b2ce337ebb4b8b5465,2014-01-01,,1500,N,,FALSE,,"[{""volgnr"": 1, ""brandstof"": ""Diesel""}]",,,,,5dd2bc55bdc83df93e3292213fe1e883,1
NL,fa0e8ff5963262767b68d36aeb91ce09,,fa0e8ff5963262767b68d36aeb91ce09,2017-01-01,,1500,M,,TRUE,,"[{""volgnr"": 1, ""brandstof"": ""Elektriciteit""}]",,,,,bacb7c69ab711bc059789c1d5dc3e282,1
NL,a29ff6330fd63f49aebac7238b9dd8fd,,32a007c3cea025fd86785ac61678bf86,2009-01-01,,1500,N,,FALSE,,"[{""volgnr"": 1, ""brandstof"": ""Diesel""}]",,,,,2eaf5d16d945bd6cc0f78a25670d7aef,1
NL,a29ff6330fd63f49aebac7238b9dd8fd,1d78a896187fde2d9238a25c5bfd81e7,8498a63057a02593d4c51abcb342b132,2010-01-01,,19000,T,,FALSE,,"[{""volgnr"": 1, ""brandstof"": ""Diesel""}]",,,,,e7c4fd3339a00e7b7711f9cae8174386,1
NL,250e8291dda446bb0d7c4e1236f9634d,,b88add571a5d3e2abe129a6d5a49e67b,2018-01-01,,1500,L,,FALSE,,"[{""volgnr"": 1, ""brandstof"": ""Benzine""}]",,,,,f3883caa68d76cf8442b4d81366c1e5f,1
NL,fa0e8ff5963262767b68d36aeb91ce09,,fa0e8ff5963262767b68d36aeb91ce09,2012-01-01,,1500,M,,FALSE,,"[{""volgnr"": 1, ""brandstof"": ""Diesel""}]",,,,,ab5cabba031ad4dea7bcb7d4642fe825,1
NL,a29ff6330fd63f49aebac7238b9dd8fd,cbba98f80402e7875d67378c74fc0272,67593af54bdb18344f997fad179417af,2017-01-01,,19500,T,,FALSE,,"[{""volgnr"": 1, ""brandstof"": ""Diesel""}]",,,,,2fdd607150f87ba668a75b963bc342e5,1
NL,a29ff6330fd63f49aebac7238b9dd8fd,,32a007c3cea025fd86785ac61678bf86,2012-01-01,,1500,N,,FALSE,,"[{""volgnr"": 1, ""brandstof"": ""Benzine""}]",,,,,5a0562b2bbac60fc4fe9a4cbfbc6d8fa,1
NL,250e8291dda446bb0d7c4e1236f9634d,127009d036fc9580655851b014bebe68,b88add571a5d3e2abe129a6d5a49e67b,2017-01-01,,,L,,FALSE,,"[{""volgnr"": 1, ""brandstof"": ""Benzine""}]",,,,,f3883caa68d76cf8442b4d81366c1e5f,1
NL,fa0e8ff5963262767b68d36aeb91ce09,,fa0e8ff5963262767b68d36aeb91ce09,2012-01-01,,1500,M,,FALSE,,"[{""volgnr"": 1, ""brandstof"": ""Diesel""}, {""volgnr"": 2, ""brandstof"": ""Elektriciteit""}]",,,,,a632bf65e65534b38b13935f2192cff5,1
NL,a29ff6330fd63f49aebac7238b9dd8fd,,ed08678800235deb8acc718f04ae9030,2020-01-01,,1500,N,,FALSE,,"[{""volgnr"": 1, ""brandstof"": ""Elektriciteit""}]",,,,,db6afb025be0642453da999116a854ca,1
GB,,,,,,,M,,FALSE,,,,,,,,1
